SRC,DST,LEN
24.64.208.134 ,216.58.112.55 ,512 
24.64.208.134 ,216.58.112.55 ,512 
24.64.208.134 ,216.58.112.55 ,512 
207.68.178.56 ,216.58.112.55 ,40 
123.112.87.126 ,216.58.112.55 ,44 
192.168.17.24 ,192.168.9.51 ,235 
192.168.17.24 ,192.168.10.60 ,235 
192.168.17.24 ,192.168.9.51 ,204 
192.168.17.24 ,192.168.10.60 ,204 
72.197.8.56 ,216.58.112.55 ,51 
71.228.199.109 ,216.58.112.55 ,51 
99.248.20.48 ,216.58.112.55 ,51 
75.117.31.43 ,216.58.112.55 ,51 
58.160.93.74 ,216.58.112.55 ,51 
85.54.146.31 ,216.58.112.55 ,44 
192.168.17.24 ,192.168.9.51 ,235 
192.168.17.24 ,192.168.10.60 ,235 
192.168.17.24 ,192.168.9.51 ,204 
192.168.17.24 ,192.168.10.60 ,204 
58.147.54.65 ,216.58.112.55 ,48 
24.64.234.162 ,216.58.112.55 ,512 
24.64.234.162 ,216.58.112.55 ,512 
24.64.234.162 ,216.58.112.55 ,512 
142.162.239.193 ,216.58.112.55 ,48 
190.40.97.52 ,216.58.112.55 ,48 
192.168.17.24 ,192.168.9.51 ,235 
192.168.17.24 ,192.168.10.60 ,235 
192.168.17.24 ,192.168.9.51 ,204 
192.168.17.24 ,192.168.10.60 ,204 
207.24.89.66 ,216.58.112.55 ,60 
192.168.17.11 ,10.97.14.25 ,76 
192.168.17.24 ,192.168.9.51 ,235 
192.168.17.24 ,192.168.10.60 ,235 
192.168.17.24 ,192.168.9.51 ,204 
192.168.17.24 ,192.168.10.60 ,204 
192.168.17.24 ,192.168.9.51 ,235 
192.168.17.24 ,192.168.10.60 ,235 
192.168.17.24 ,192.168.9.51 ,204 
192.168.17.24 ,192.168.10.60 ,204 
69.115.209.62 ,216.58.112.55 ,48 
71.228.199.109 ,216.58.112.55 ,48 
63.227.65.151 ,216.58.112.55 ,52 
76.87.248.152 ,216.58.112.55 ,48 
201.26.136.92 ,216.58.112.55 ,48 
70.189.221.153 ,216.58.112.55 ,48 
59.100.237.219 ,216.58.112.55 ,48 
24.64.136.199 ,216.58.112.55 ,512 
192.168.17.113 ,207.68.178.56 ,40 
192.168.17.113 ,207.68.178.56 ,40 
192.168.17.113 ,207.68.178.56 ,40 
192.168.17.113 ,207.68.178.56 ,40 
192.168.17.113 ,207.68.178.56 ,40 
192.168.17.24 ,192.168.9.51 ,235 
192.168.17.24 ,192.168.10.60 ,235 
192.168.17.24 ,192.168.9.51 ,204 
192.168.17.24 ,192.168.10.60 ,204 
192.168.17.113 ,207.68.178.56 ,40 
151.9.246.29 ,216.58.112.55 ,48 
192.168.17.24 ,192.168.9.51 ,235 
192.168.17.24 ,192.168.10.60 ,235 
192.168.17.24 ,192.168.9.51 ,204 
192.168.17.24 ,192.168.10.60 ,204 
216.51.106.52 ,216.58.112.55 ,48 
66.214.36.72 ,216.58.112.55 ,113 
192.168.17.24 ,192.168.9.51 ,235 
192.168.17.24 ,192.168.10.60 ,235 
192.168.17.24 ,192.168.9.51 ,204 
192.168.17.24 ,192.168.10.60 ,204 
207.68.178.56 ,216.58.112.55 ,40 
192.168.17.24 ,192.168.9.51 ,235 
192.168.17.24 ,192.168.10.60 ,235 
192.168.17.24 ,192.168.9.51 ,204 
192.168.17.24 ,192.168.10.60 ,204 
216.51.106.52 ,216.58.112.55 ,48 
192.168.17.11 ,10.97.14.25 ,76 
209.131.38.249 ,216.58.112.55 ,60 
192.168.17.24 ,192.168.9.51 ,235 
192.168.17.24 ,192.168.10.60 ,235 
192.168.17.24 ,192.168.9.51 ,204 
192.168.17.24 ,192.168.10.60 ,204 
122.162.36.15 ,216.58.112.55 ,44 
192.168.17.24 ,192.168.9.51 ,235 
192.168.17.24 ,192.168.10.60 ,235 
192.168.17.24 ,192.168.9.51 ,204 
192.168.17.24 ,192.168.10.60 ,204 
216.211.188.107 ,216.58.112.55 ,48 
216.211.188.107 ,216.58.112.55 ,48 
24.174.141.170 ,216.58.112.55 ,51 
99.251.241.22 ,216.58.112.55 ,51 
75.27.233.174 ,216.58.112.55 ,51 
91.139.26.208 ,216.58.112.55 ,51 
72.129.201.114 ,216.58.112.55 ,51 
192.168.17.24 ,192.168.9.51 ,235 
192.168.17.24 ,192.168.10.60 ,235 
192.168.17.24 ,192.168.9.51 ,204 
192.168.17.24 ,192.168.10.60 ,204 
79.186.174.12 ,216.58.112.55 ,60 
71.170.80.136 ,216.58.112.55 ,48 
106.108.177.47 ,216.58.112.55 ,387 
192.168.17.24 ,192.168.9.51 ,235 
192.168.17.24 ,192.168.10.60 ,235 
192.168.17.24 ,192.168.9.51 ,204 
192.168.17.24 ,192.168.10.60 ,204 
66.11.164.174 ,216.58.112.55 ,60 
24.64.216.116 ,216.58.112.55 ,512 
24.64.216.116 ,216.58.112.55 ,512 
24.64.216.116 ,216.58.112.55 ,512 
196.206.134.152 ,216.58.112.55 ,48 
192.168.17.24 ,192.168.9.51 ,235 
192.168.17.24 ,192.168.10.60 ,235 
192.168.17.24 ,192.168.9.51 ,204 
192.168.17.24 ,192.168.10.60 ,204 
121.14.136.101 ,216.58.112.55 ,40 
71.228.199.109 ,216.58.112.55 ,48 
69.139.205.220 ,216.58.112.55 ,48 
66.24.36.155 ,216.58.112.55 ,64 
210.213.141.86 ,216.58.112.55 ,48 
66.24.36.155 ,216.58.112.55 ,64 
205.250.109.214 ,216.58.112.55 ,48 
192.168.17.11 ,10.97.14.25 ,76 
192.168.17.24 ,192.168.9.51 ,235 
192.168.17.24 ,192.168.10.60 ,235 
192.168.17.24 ,192.168.9.51 ,204 
192.168.17.24 ,192.168.10.60 ,204 
162.86.171.88 ,216.58.112.55 ,374 
24.64.125.106 ,216.58.112.55 ,512 
219.139.115.162 ,216.58.112.55 ,48 
192.168.17.24 ,192.168.9.51 ,235 
192.168.17.24 ,192.168.10.60 ,235 
192.168.17.24 ,192.168.9.51 ,204 
192.168.17.24 ,192.168.10.60 ,204 
200.8.71.247 ,216.58.112.55 ,44 
24.64.232.7 ,216.58.112.55 ,512 
24.64.232.7 ,216.58.112.55 ,512 
24.64.232.7 ,216.58.112.55 ,512 
59.95.27.206 ,216.58.112.55 ,44 
192.168.17.24 ,192.168.9.51 ,235 
192.168.17.24 ,192.168.10.60 ,235 
192.168.17.24 ,192.168.9.51 ,204 
192.168.17.24 ,192.168.10.60 ,204 
24.64.240.226 ,216.58.112.55 ,512 
24.64.240.226 ,216.58.112.55 ,512 
24.64.240.226 ,216.58.112.55 ,512 
60.87.149.61 ,216.58.112.55 ,386 
192.168.17.24 ,192.168.9.51 ,235 
192.168.17.24 ,192.168.10.60 ,235 
192.168.17.24 ,192.168.9.51 ,204 
192.168.17.24 ,192.168.10.60 ,204 
24.64.31.188 ,216.58.112.55 ,512 
24.64.31.188 ,216.58.112.55 ,512 
24.64.31.188 ,216.58.112.55 ,512 
163.140.169.38 ,216.58.112.55 ,387 
209.226.175.184 ,216.58.112.55 ,48 
192.168.17.24 ,192.168.9.51 ,235 
192.168.17.24 ,192.168.10.60 ,235 
192.168.17.24 ,192.168.9.51 ,204 
192.168.17.24 ,192.168.10.60 ,204 
113.22.125.157 ,216.58.112.55 ,375 
222.162.78.66 ,216.58.112.55 ,48 
80.254.112.200 ,216.58.112.55 ,48 
192.168.17.24 ,192.168.9.51 ,235 
192.168.17.24 ,192.168.10.60 ,235 
192.168.17.24 ,192.168.9.51 ,204 
192.168.17.24 ,192.168.10.60 ,204 
192.168.17.11 ,10.97.14.25 ,76 
122.164.76.172 ,216.58.112.55 ,48 
83.239.155.146 ,216.58.112.55 ,44 
192.168.17.24 ,192.168.9.51 ,235 
192.168.17.24 ,192.168.10.60 ,235 
192.168.17.24 ,192.168.9.51 ,204 
192.168.17.24 ,192.168.10.60 ,204 
72.129.201.114 ,216.58.112.55 ,51 
68.43.45.155 ,216.58.112.55 ,51 
68.46.224.58 ,216.58.112.55 ,51 
71.194.107.51 ,216.58.112.55 ,51 
67.8.58.212 ,216.58.112.55 ,51 
192.168.17.24 ,192.168.9.51 ,235 
192.168.17.24 ,192.168.10.60 ,235 
192.168.17.24 ,192.168.9.51 ,204 
192.168.17.24 ,192.168.10.60 ,204 
63.167.69.69 ,216.58.112.55 ,387 
192.168.17.24 ,192.168.9.51 ,235 
192.168.17.24 ,192.168.10.60 ,235 
192.168.17.24 ,192.168.9.51 ,204 
192.168.17.24 ,192.168.10.60 ,204 
24.149.194.222 ,216.58.112.55 ,125 
77.234.15.211 ,216.58.112.55 ,44 
192.168.17.24 ,192.168.9.51 ,235 
192.168.17.24 ,192.168.10.60 ,235 
192.168.17.24 ,192.168.9.51 ,204 
192.168.17.24 ,192.168.10.60 ,204 
72.230.93.214 ,216.58.112.55 ,124 
67.173.3.23 ,216.58.112.55 ,48 
75.171.122.220 ,216.58.112.55 ,48 
68.81.84.44 ,216.58.112.55 ,48 
67.173.3.23 ,216.58.112.55 ,48 
75.132.195.128 ,216.58.112.55 ,48 
192.168.17.24 ,192.168.9.51 ,235 
192.168.17.24 ,192.168.10.60 ,235 
192.168.17.24 ,192.168.9.51 ,204 
192.168.17.24 ,192.168.10.60 ,204 
192.168.17.113 ,207.68.178.56 ,40 
192.168.17.113 ,207.68.178.56 ,40 
192.168.17.113 ,207.68.178.56 ,40 
192.168.17.113 ,207.68.178.56 ,40 
192.168.17.113 ,207.68.178.56 ,40 
24.64.35.180 ,216.58.112.55 ,512 
24.64.35.180 ,216.58.112.55 ,512 
24.64.35.180 ,216.58.112.55 ,512 
122.162.219.240 ,216.58.112.55 ,44 
192.168.17.113 ,207.68.178.56 ,40 
192.168.17.24 ,192.168.9.51 ,235 
192.168.17.24 ,192.168.10.60 ,235 
192.168.17.24 ,192.168.9.51 ,204 
192.168.17.24 ,192.168.10.60 ,204 
24.64.103.146 ,216.58.112.55 ,512 
24.64.103.146 ,216.58.112.55 ,512 
24.64.103.146 ,216.58.112.55 ,512 
137.1.220.101 ,216.58.112.55 ,387 
192.168.17.11 ,10.97.14.25 ,76 
192.168.17.24 ,192.168.9.51 ,235 
192.168.17.24 ,192.168.10.60 ,235 
192.168.17.24 ,192.168.9.51 ,204 
192.168.17.24 ,192.168.10.60 ,204 
207.68.178.56 ,216.58.112.55 ,40 
192.168.17.24 ,192.168.9.51 ,235 
192.168.17.24 ,192.168.10.60 ,235 
192.168.17.24 ,192.168.9.51 ,204 
192.168.17.24 ,192.168.10.60 ,204 
200.35.177.17 ,216.58.112.55 ,48 
200.119.135.100 ,216.58.112.55 ,48 
192.168.17.24 ,192.168.9.51 ,235 
192.168.17.24 ,192.168.10.60 ,235 
192.168.17.24 ,192.168.9.51 ,204 
192.168.17.24 ,192.168.10.60 ,204 
129.134.110.94 ,216.58.112.55 ,387 
192.168.17.24 ,192.168.9.51 ,235 
192.168.17.24 ,192.168.10.60 ,235 
192.168.17.24 ,192.168.9.51 ,204 
192.168.17.24 ,192.168.10.60 ,204 
89.175.152.185 ,216.58.112.55 ,48 
122.167.238.130 ,216.58.112.55 ,44 
192.168.17.24 ,192.168.9.51 ,235 
192.168.17.24 ,192.168.10.60 ,235 
192.168.17.24 ,192.168.9.51 ,204 
192.168.17.24 ,192.168.10.60 ,204 
68.206.75.25 ,216.58.112.55 ,51 
75.171.122.220 ,216.58.112.55 ,51 
72.129.201.114 ,216.58.112.55 ,51 
24.166.109.127 ,216.58.112.55 ,51 
76.250.142.171 ,216.58.112.55 ,51 
121.135.240.208 ,216.58.112.55 ,44 
192.168.17.11 ,10.97.14.25 ,76 
192.168.17.24 ,192.168.9.51 ,235 
192.168.17.24 ,192.168.10.60 ,235 
192.168.17.24 ,192.168.9.51 ,204 
192.168.17.24 ,192.168.10.60 ,204 
78.148.104.253 ,216.58.112.55 ,48 
192.168.17.24 ,192.168.9.51 ,235 
192.168.17.24 ,192.168.10.60 ,235 
192.168.17.24 ,192.168.9.51 ,204 
192.168.17.24 ,192.168.10.60 ,204 
71.104.50.6 ,216.58.112.55 ,44 
194.90.6.44 ,216.58.112.55 ,74 
192.168.17.24 ,192.168.9.51 ,235 
192.168.17.24 ,192.168.10.60 ,235 
192.168.17.24 ,192.168.9.51 ,204 
192.168.17.24 ,192.168.10.60 ,204 
194.90.6.44 ,216.58.112.55 ,74 
60.21.103.252 ,216.58.112.55 ,48 
194.90.6.44 ,216.58.112.55 ,74 
194.90.6.44 ,216.58.112.55 ,74 
69.115.209.62 ,216.58.112.55 ,48 
99.251.241.22 ,216.58.112.55 ,52 
72.129.201.114 ,216.58.112.55 ,52 
72.129.201.114 ,216.58.112.55 ,52 
69.115.209.62 ,216.58.112.55 ,48 
194.90.6.44 ,216.58.112.55 ,74 
194.90.6.44 ,216.58.112.55 ,74 
192.168.17.24 ,192.168.9.51 ,235 
192.168.17.24 ,192.168.10.60 ,235 
192.168.17.24 ,192.168.9.51 ,204 
192.168.17.24 ,192.168.10.60 ,204 
194.90.6.44 ,216.58.112.55 ,74 
221.208.208.90 ,216.58.112.55 ,486 
221.208.208.90 ,216.58.112.55 ,486 
221.208.208.90 ,216.58.112.55 ,486 
109.140.157.77 ,216.58.112.55 ,387 
194.90.6.44 ,216.58.112.55 ,74 
194.90.6.44 ,216.58.112.55 ,74 
192.168.17.24 ,192.168.9.51 ,235 
192.168.17.24 ,192.168.10.60 ,235 
192.168.17.24 ,192.168.9.51 ,204 
192.168.17.24 ,192.168.10.60 ,204 
82.35.230.228 ,216.58.112.55 ,48 
82.35.230.228 ,216.58.112.55 ,48 
82.35.230.228 ,216.58.112.55 ,48 
82.35.230.228 ,216.58.112.55 ,48 
77.91.200.130 ,216.58.112.55 ,48 
194.90.6.44 ,216.58.112.55 ,74 
65.26.47.241 ,216.58.112.55 ,44 
192.168.17.24 ,192.168.9.51 ,235 
192.168.17.24 ,192.168.10.60 ,235 
192.168.17.24 ,192.168.9.51 ,204 
192.168.17.24 ,192.168.10.60 ,204 
124.121.192.16 ,216.58.112.55 ,44 
192.168.17.11 ,10.97.14.25 ,76 
192.168.17.24 ,192.168.9.51 ,235 
192.168.17.24 ,192.168.10.60 ,235 
192.168.17.24 ,192.168.9.51 ,204 
192.168.17.24 ,192.168.10.60 ,204 
192.168.17.24 ,192.168.9.51 ,235 
192.168.17.24 ,192.168.10.60 ,235 
192.168.17.24 ,192.168.9.51 ,204 
192.168.17.24 ,192.168.10.60 ,204 
78.148.58.129 ,216.58.112.55 ,48 
201.231.47.57 ,216.58.112.55 ,48 
24.64.65.201 ,216.58.112.55 ,512 
24.64.65.201 ,216.58.112.55 ,512 
24.64.65.201 ,216.58.112.55 ,512 
190.189.106.45 ,216.58.112.55 ,48 
192.168.17.24 ,192.168.9.51 ,235 
192.168.17.24 ,192.168.10.60 ,235 
192.168.17.24 ,192.168.9.51 ,204 
192.168.17.24 ,192.168.10.60 ,204 
71.194.107.51 ,216.58.112.55 ,51 
74.12.248.246 ,216.58.112.55 ,51 
98.207.166.40 ,216.58.112.55 ,51 
70.189.221.153 ,216.58.112.55 ,51 
68.206.75.25 ,216.58.112.55 ,51 
192.168.17.24 ,192.168.9.51 ,235 
192.168.17.24 ,192.168.10.60 ,235 
192.168.17.24 ,192.168.9.51 ,204 
192.168.17.24 ,192.168.10.60 ,204 
86.101.52.114 ,216.58.112.55 ,44 
192.168.17.24 ,192.168.9.51 ,235 
192.168.17.24 ,192.168.10.60 ,235 
192.168.17.24 ,192.168.9.51 ,204 
192.168.17.24 ,192.168.10.60 ,204 
192.168.17.11 ,10.97.14.25 ,76 
192.168.17.24 ,192.168.9.51 ,235 
192.168.17.24 ,192.168.10.60 ,235 
192.168.17.24 ,192.168.9.51 ,204 
192.168.17.24 ,192.168.10.60 ,204 
5.126.53.110 ,216.58.112.55 ,387 
211.200.56.60 ,216.58.112.55 ,64 
211.200.56.60 ,216.58.112.55 ,64 
192.168.17.24 ,192.168.9.51 ,235 
192.168.17.24 ,192.168.10.60 ,235 
192.168.17.24 ,192.168.9.51 ,204 
192.168.17.24 ,192.168.10.60 ,204 
52.52.117.156 ,216.58.112.55 ,374 
83.8.141.56 ,216.58.112.55 ,48 
24.67.56.239 ,216.58.112.55 ,60 
24.166.109.127 ,216.58.112.55 ,48 
72.229.247.131 ,216.58.112.55 ,48 
24.67.56.239 ,216.58.112.55 ,60 
75.138.144.249 ,216.58.112.55 ,48 
75.138.144.249 ,216.58.112.55 ,48 
192.168.17.24 ,192.168.9.51 ,235 
192.168.17.24 ,192.168.10.60 ,235 
192.168.17.24 ,192.168.9.51 ,204 
192.168.17.24 ,192.168.10.60 ,204 
192.168.17.113 ,207.68.178.56 ,40 
192.168.17.113 ,207.68.178.56 ,40 
192.168.17.113 ,207.68.178.56 ,40 
192.168.17.113 ,207.68.178.56 ,40 
192.168.17.113 ,207.68.178.56 ,40 
218.249.243.30 ,216.58.112.55 ,40 
192.168.17.113 ,207.68.178.56 ,40 
85.75.51.53 ,216.58.112.55 ,48 
69.31.42.66 ,216.58.112.55 ,60 
221.217.183.227 ,216.58.112.55 ,48 
168.18.80.183 ,216.58.112.55 ,48 
85.137.113.62 ,216.58.112.55 ,52 
192.168.17.24 ,192.168.9.51 ,235 
192.168.17.24 ,192.168.10.60 ,235 
192.168.17.24 ,192.168.9.51 ,204 
192.168.17.24 ,192.168.10.60 ,204 
218.9.66.130 ,216.58.112.55 ,404 
24.64.139.148 ,216.58.112.55 ,512 
24.64.139.148 ,216.58.112.55 ,512 
24.64.139.148 ,216.58.112.55 ,512 
192.168.17.24 ,192.168.9.51 ,235 
192.168.17.24 ,192.168.10.60 ,235 
192.168.17.24 ,192.168.9.51 ,204 
192.168.17.24 ,192.168.10.60 ,204 
65.120.86.12 ,216.58.112.55 ,289 
207.68.178.56 ,216.58.112.55 ,40 
71.127.188.123 ,216.58.112.55 ,48 
66.11.164.174 ,216.58.112.55 ,60 
66.11.164.174 ,216.58.112.55 ,60 
66.11.164.174 ,216.58.112.55 ,60 
205.134.188.171 ,216.58.112.55 ,60 
193.47.121.71 ,216.58.112.55 ,386 
66.11.164.174 ,216.58.112.55 ,60 
69.31.42.66 ,216.58.112.55 ,60 
66.11.164.174 ,216.58.112.55 ,60 
192.168.17.24 ,192.168.9.51 ,235 
192.168.17.24 ,192.168.10.60 ,235 
192.168.17.24 ,192.168.9.51 ,204 
192.168.17.24 ,192.168.10.60 ,204 
205.134.188.171 ,216.58.112.55 ,60 
216.60.166.102 ,216.58.112.55 ,64 
216.60.166.102 ,216.58.112.55 ,64 
205.134.188.171 ,216.58.112.55 ,60 
196.174.202.235 ,216.58.112.55 ,387 
126.203.126.10 ,216.58.112.55 ,375 
205.134.188.171 ,216.58.112.55 ,60 
205.134.188.171 ,216.58.112.55 ,60 
192.168.17.11 ,10.97.14.21 ,78 
192.168.17.11 ,10.97.14.21 ,78 
205.134.188.171 ,216.58.112.55 ,60 
192.168.17.11 ,10.97.14.21 ,78 
192.168.17.11 ,10.97.14.25 ,76 
192.168.17.24 ,192.168.9.51 ,235 
192.168.17.24 ,192.168.10.60 ,235 
192.168.17.24 ,192.168.9.51 ,204 
192.168.17.24 ,192.168.10.60 ,204 
71.126.248.71 ,216.58.112.55 ,44 
24.64.112.81 ,216.58.112.55 ,512 
24.64.112.81 ,216.58.112.55 ,512 
24.64.112.81 ,216.58.112.55 ,512 
192.168.17.24 ,192.168.9.51 ,235 
192.168.17.24 ,192.168.10.60 ,235 
192.168.17.24 ,192.168.9.51 ,204 
192.168.17.24 ,192.168.10.60 ,204 
82.216.11.148 ,216.58.112.55 ,52 
99.237.83.20 ,216.58.112.55 ,51 
67.174.105.41 ,216.58.112.55 ,51 
98.207.166.40 ,216.58.112.55 ,51 
71.228.199.109 ,216.58.112.55 ,51 
70.189.221.153 ,216.58.112.55 ,51 
92.46.11.100 ,216.58.112.55 ,44 
192.168.17.24 ,192.168.9.51 ,235 
192.168.17.24 ,192.168.10.60 ,235 
192.168.17.24 ,192.168.9.51 ,204 
192.168.17.24 ,192.168.10.60 ,204 
86.110.25.142 ,216.58.112.55 ,48 
192.168.17.24 ,192.168.9.51 ,235 
192.168.17.24 ,192.168.10.60 ,235 
192.168.17.24 ,192.168.9.51 ,204 
192.168.17.24 ,192.168.10.60 ,204 
165.70.127.155 ,216.58.112.55 ,387 
67.15.135.138 ,216.58.112.55 ,48 
67.15.135.138 ,216.58.112.55 ,40 
67.15.135.138 ,216.58.112.55 ,48 
67.15.135.138 ,216.58.112.55 ,48 
192.168.17.24 ,192.168.9.51 ,235 
192.168.17.24 ,192.168.10.60 ,235 
192.168.17.24 ,192.168.9.51 ,204 
192.168.17.24 ,192.168.10.60 ,204 
192.168.17.24 ,192.168.9.51 ,235 
192.168.17.24 ,192.168.10.60 ,235 
192.168.17.24 ,192.168.9.51 ,204 
192.168.17.24 ,192.168.10.60 ,204 
60.48.66.248 ,216.58.112.55 ,48 
67.174.105.41 ,216.58.112.55 ,48 
208.76.80.86 ,216.58.112.55 ,44 
74.161.10.148 ,216.58.112.55 ,48 
122.24.143.91 ,216.58.112.55 ,48 
98.207.166.40 ,216.58.112.55 ,52 
67.174.105.41 ,216.58.112.55 ,48 
192.168.17.11 ,10.97.14.25 ,76 
75.117.31.43 ,216.58.112.55 ,64 
69.31.42.66 ,216.58.112.55 ,60 
86.60.106.79 ,216.58.112.55 ,48 
211.108.155.43 ,216.58.112.55 ,48 
211.108.155.43 ,216.58.112.55 ,48 
192.168.17.24 ,192.168.9.51 ,235 
192.168.17.24 ,192.168.10.60 ,235 
192.168.17.24 ,192.168.9.51 ,204 
192.168.17.24 ,192.168.10.60 ,204 
89.151.157.84 ,216.58.112.55 ,44 
72.76.18.116 ,216.58.112.55 ,52 
216.215.20.139 ,216.58.112.55 ,48 
61.132.223.14 ,216.58.112.55 ,404 
89.24.99.57 ,216.58.112.55 ,44 
192.168.17.24 ,192.168.9.51 ,235 
192.168.17.24 ,192.168.10.60 ,235 
192.168.17.24 ,192.168.9.51 ,204 
192.168.17.24 ,192.168.10.60 ,204 
201.64.110.195 ,216.58.112.55 ,387 
92.112.63.8 ,216.58.112.55 ,44 
192.168.17.24 ,192.168.9.51 ,235 
192.168.17.24 ,192.168.10.60 ,235 
192.168.17.24 ,192.168.9.51 ,204 
192.168.17.24 ,192.168.10.60 ,204 
74.161.10.148 ,216.58.112.55 ,40 
84.204.158.238 ,216.58.112.55 ,44 
192.168.17.24 ,192.168.9.51 ,235 
192.168.17.24 ,192.168.10.60 ,235 
192.168.17.24 ,192.168.9.51 ,204 
192.168.17.24 ,192.168.10.60 ,204 
76.26.35.233 ,216.58.112.55 ,60 
192.168.17.24 ,192.168.9.51 ,235 
192.168.17.24 ,192.168.10.60 ,235 
192.168.17.24 ,192.168.9.51 ,204 
192.168.17.24 ,192.168.10.60 ,204 
24.64.33.225 ,216.58.112.55 ,512 
24.64.33.225 ,216.58.112.55 ,512 
24.64.33.225 ,216.58.112.55 ,512 
56.227.152.148 ,216.58.112.55 ,387 
68.81.84.44 ,216.58.112.55 ,125 
62.101.126.230 ,216.58.112.55 ,48 
62.101.126.230 ,216.58.112.55 ,48 
192.168.17.11 ,10.97.14.25 ,76 
192.168.17.24 ,192.168.9.51 ,235 
192.168.17.24 ,192.168.10.60 ,235 
192.168.17.24 ,192.168.9.51 ,204 
192.168.17.24 ,192.168.10.60 ,204 
24.64.45.56 ,216.58.112.55 ,512 
24.64.45.56 ,216.58.112.55 ,512 
24.64.45.56 ,216.58.112.55 ,512 
74.133.109.145 ,216.58.112.55 ,51 
24.166.109.127 ,216.58.112.55 ,51 
62.10.181.66 ,216.58.112.55 ,48 
192.168.17.24 ,192.168.9.51 ,235 
192.168.17.24 ,192.168.10.60 ,235 
192.168.17.24 ,192.168.9.51 ,204 
192.168.17.24 ,192.168.10.60 ,204 
24.64.145.44 ,216.58.112.55 ,512 
24.64.145.44 ,216.58.112.55 ,512 
24.64.145.44 ,216.58.112.55 ,512 
192.168.17.24 ,192.168.9.51 ,235 
192.168.17.24 ,192.168.10.60 ,235 
192.168.17.24 ,192.168.9.51 ,204 
192.168.17.24 ,192.168.10.60 ,204 
213.150.83.114 ,216.58.112.55 ,48 
24.64.155.188 ,216.58.112.55 ,512 
24.64.155.188 ,216.58.112.55 ,512 
24.64.155.188 ,216.58.112.55 ,512 
86.133.109.140 ,216.58.112.55 ,48 
192.168.17.24 ,192.168.9.51 ,235 
192.168.17.24 ,192.168.10.60 ,235 
192.168.17.24 ,192.168.9.51 ,204 
192.168.17.24 ,192.168.10.60 ,204 
24.64.117.205 ,216.58.112.55 ,512 
24.64.117.205 ,216.58.112.55 ,512 
24.64.117.205 ,216.58.112.55 ,512 
60.161.216.224 ,216.58.112.55 ,404 
192.168.17.24 ,192.168.9.51 ,235 
192.168.17.24 ,192.168.10.60 ,235 
192.168.17.24 ,192.168.9.51 ,204 
192.168.17.24 ,192.168.10.60 ,204 
24.165.92.109 ,216.58.112.55 ,48 
79.64.233.230 ,216.58.112.55 ,48 
24.165.92.109 ,216.58.112.55 ,48 
79.64.233.230 ,216.58.112.55 ,48 
203.173.191.14 ,216.58.112.55 ,48 
203.173.191.14 ,216.58.112.55 ,48 
61.7.42.45 ,216.58.112.55 ,44 
192.168.17.113 ,207.68.178.56 ,40 
192.168.17.113 ,207.68.178.56 ,40 
192.168.17.113 ,207.68.178.56 ,40 
192.168.17.113 ,207.68.178.56 ,40 
192.168.17.113 ,207.68.178.56 ,40 
192.168.17.24 ,192.168.9.51 ,235 
192.168.17.24 ,192.168.10.60 ,235 
192.168.17.24 ,192.168.9.51 ,204 
192.168.17.24 ,192.168.10.60 ,204 
192.168.17.113 ,207.68.178.56 ,40 
192.168.17.11 ,10.97.14.25 ,76 
192.168.17.24 ,192.168.9.51 ,235 
192.168.17.24 ,192.168.10.60 ,235 
192.168.17.24 ,192.168.9.51 ,204 
192.168.17.24 ,192.168.10.60 ,204 
24.64.104.85 ,216.58.112.55 ,512 
24.64.104.85 ,216.58.112.55 ,512 
24.64.104.85 ,216.58.112.55 ,512 
20.63.253.254 ,216.58.112.55 ,387 
202.97.238.199 ,216.58.112.55 ,485 
207.68.178.56 ,216.58.112.55 ,40 
192.168.17.24 ,192.168.9.51 ,235 
192.168.17.24 ,192.168.10.60 ,235 
192.168.17.24 ,192.168.9.51 ,204 
192.168.17.24 ,192.168.10.60 ,204 
68.189.54.191 ,216.58.112.55 ,44 
192.168.17.24 ,192.168.9.51 ,235 
192.168.17.24 ,192.168.10.60 ,235 
192.168.17.24 ,192.168.9.51 ,204 
192.168.17.24 ,192.168.10.60 ,204 
208.17.81.161 ,216.58.112.55 ,60 
192.168.17.24 ,192.168.9.51 ,235 
192.168.17.24 ,192.168.10.60 ,235 
192.168.17.24 ,192.168.9.51 ,204 
192.168.17.24 ,192.168.10.60 ,204 
192.168.17.11 ,10.97.14.21 ,78 
192.168.17.11 ,10.97.14.21 ,78 
192.168.17.11 ,10.97.14.21 ,78 
78.53.64.123 ,216.58.112.55 ,51 
78.53.64.123 ,216.58.112.55 ,51 
78.53.64.123 ,216.58.112.55 ,51 
59.92.12.144 ,216.58.112.55 ,48 
218.64.222.170 ,216.58.112.55 ,404 
192.168.17.24 ,192.168.9.51 ,235 
192.168.17.24 ,192.168.10.60 ,235 
192.168.17.24 ,192.168.9.51 ,204 
192.168.17.24 ,192.168.10.60 ,204 
67.82.213.195 ,216.58.112.55 ,51 
24.174.141.170 ,216.58.112.55 ,51 
86.150.137.160 ,216.58.112.55 ,51 
203.173.191.14 ,216.58.112.55 ,51 
72.74.229.181 ,216.58.112.55 ,51 
24.64.247.73 ,216.58.112.55 ,512 
24.64.247.73 ,216.58.112.55 ,512 
24.64.247.73 ,216.58.112.55 ,512 
192.168.17.24 ,192.168.9.51 ,235 
192.168.17.24 ,192.168.10.60 ,235 
192.168.17.24 ,192.168.9.51 ,204 
192.168.17.24 ,192.168.10.60 ,204 
192.168.17.11 ,10.97.14.25 ,76 
117.44.26.76 ,216.58.112.55 ,44 
192.168.17.24 ,192.168.9.51 ,235 
192.168.17.24 ,192.168.10.60 ,235 
192.168.17.24 ,192.168.9.51 ,204 
192.168.17.24 ,192.168.10.60 ,204 
24.64.148.157 ,216.58.112.55 ,512 
24.64.148.157 ,216.58.112.55 ,512 
24.64.148.157 ,216.58.112.55 ,512 
24.64.107.78 ,216.58.112.55 ,512 
24.64.107.78 ,216.58.112.55 ,512 
24.64.107.78 ,216.58.112.55 ,512 
192.168.17.24 ,192.168.9.51 ,235 
192.168.17.24 ,192.168.10.60 ,235 
192.168.17.24 ,192.168.9.51 ,204 
192.168.17.24 ,192.168.10.60 ,204 
113.240.254.136 ,216.58.112.55 ,374 
75.117.31.43 ,216.58.112.55 ,64 
72.129.201.114 ,216.58.112.55 ,52 
64.56.143.6 ,216.58.112.55 ,48 
59.100.237.219 ,216.58.112.55 ,48 
78.64.94.63 ,216.58.112.55 ,387 
192.168.17.24 ,192.168.9.51 ,235 
192.168.17.24 ,192.168.10.60 ,235 
192.168.17.24 ,192.168.9.51 ,204 
192.168.17.24 ,192.168.10.60 ,204 
82.138.46.68 ,216.58.112.55 ,44 
136.1.7.55 ,216.58.112.55 ,404 
192.168.17.24 ,192.168.9.51 ,235 
192.168.17.24 ,192.168.10.60 ,235 
192.168.17.24 ,192.168.9.51 ,204 
192.168.17.24 ,192.168.10.60 ,204 
221.221.82.35 ,216.58.112.55 ,48 
192.168.17.24 ,192.168.9.51 ,235 
192.168.17.24 ,192.168.10.60 ,235 
192.168.17.24 ,192.168.9.51 ,204 
192.168.17.24 ,192.168.10.60 ,204 
218.31.79.208 ,216.58.112.55 ,40 
218.10.137.142 ,216.58.112.55 ,485 
218.10.137.142 ,216.58.112.55 ,485 
218.10.137.142 ,216.58.112.55 ,485 
192.168.17.11 ,10.97.14.25 ,76 
189.27.241.16 ,216.58.112.55 ,44 
192.168.17.24 ,192.168.9.51 ,235 
192.168.17.24 ,192.168.10.60 ,235 
192.168.17.24 ,192.168.9.51 ,204 
192.168.17.24 ,192.168.10.60 ,204 
24.64.247.242 ,216.58.112.55 ,512 
24.64.247.242 ,216.58.112.55 ,512 
24.64.247.242 ,216.58.112.55 ,512 
5.106.75.222 ,216.58.112.55 ,375 
33.70.134.133 ,216.58.112.55 ,386 
192.168.17.24 ,192.168.9.51 ,235 
192.168.17.24 ,192.168.10.60 ,235 
192.168.17.24 ,192.168.9.51 ,204 
192.168.17.24 ,192.168.10.60 ,204 
37.50.202.98 ,216.58.112.55 ,387 
71.125.48.80 ,216.58.112.55 ,48 
220.246.61.225 ,216.58.112.55 ,48 
124.191.75.98 ,216.58.112.55 ,48 
67.15.135.138 ,216.58.112.55 ,48 
192.168.17.24 ,192.168.9.51 ,235 
192.168.17.24 ,192.168.10.60 ,235 
192.168.17.24 ,192.168.9.51 ,204 
192.168.17.24 ,192.168.10.60 ,204 
87.99.7.181 ,216.58.112.55 ,51 
87.99.7.181 ,216.58.112.55 ,51 
87.99.7.181 ,216.58.112.55 ,51 
87.99.7.181 ,216.58.112.55 ,51 
87.99.7.181 ,216.58.112.55 ,51 
87.99.7.181 ,216.58.112.55 ,51 
192.168.17.24 ,192.168.9.51 ,235 
192.168.17.24 ,192.168.10.60 ,235 
192.168.17.24 ,192.168.9.51 ,204 
192.168.17.24 ,192.168.10.60 ,204 
86.137.159.215 ,216.58.112.55 ,48 
69.115.209.62 ,216.58.112.55 ,51 
71.14.121.15 ,216.58.112.55 ,51 
68.12.143.82 ,216.58.112.55 ,51 
72.74.229.181 ,216.58.112.55 ,51 
24.67.56.239 ,216.58.112.55 ,51 
96.2.73.153 ,216.58.112.55 ,48 
192.168.17.24 ,192.168.9.51 ,235 
192.168.17.24 ,192.168.10.60 ,235 
192.168.17.24 ,192.168.9.51 ,204 
192.168.17.24 ,192.168.10.60 ,204 
192.168.17.24 ,192.168.9.51 ,235 
192.168.17.24 ,192.168.10.60 ,235 
192.168.17.24 ,192.168.9.51 ,204 
192.168.17.24 ,192.168.10.60 ,204 
84.58.185.23 ,216.58.112.55 ,60 
192.168.17.11 ,10.97.14.25 ,76 
170.151.147.175 ,216.58.112.55 ,387 
192.168.17.24 ,192.168.9.51 ,235 
192.168.17.24 ,192.168.10.60 ,235 
192.168.17.24 ,192.168.9.51 ,204 
192.168.17.24 ,192.168.10.60 ,204 
62.221.44.151 ,216.58.112.55 ,48 
66.11.164.174 ,216.58.112.55 ,60 
74.75.29.197 ,216.58.112.55 ,52 
75.164.140.156 ,216.58.112.55 ,48 
66.191.18.21 ,216.58.112.55 ,52 
74.75.29.197 ,216.58.112.55 ,52 
75.164.140.156 ,216.58.112.55 ,48 
68.81.84.44 ,216.58.112.55 ,48 
99.245.91.141 ,216.58.112.55 ,48 
192.168.17.24 ,192.168.9.51 ,235 
192.168.17.24 ,192.168.10.60 ,235 
192.168.17.24 ,192.168.9.51 ,204 
192.168.17.24 ,192.168.10.60 ,204 
88.241.227.226 ,216.58.112.55 ,48 
24.64.99.251 ,216.58.112.55 ,512 
24.64.99.251 ,216.58.112.55 ,512 
24.64.99.251 ,216.58.112.55 ,512 
192.168.17.113 ,207.68.178.56 ,40 
192.168.17.113 ,207.68.178.56 ,40 
192.168.17.113 ,207.68.178.56 ,40 
192.168.17.113 ,207.68.178.56 ,40 
192.168.17.113 ,207.68.178.56 ,40 
24.64.203.111 ,216.58.112.55 ,512 
24.64.203.111 ,216.58.112.55 ,512 
24.64.203.111 ,216.58.112.55 ,512 
85.104.40.125 ,216.58.112.55 ,48 
192.168.17.113 ,207.68.178.56 ,40 
192.168.17.24 ,192.168.9.51 ,235 
192.168.17.24 ,192.168.10.60 ,235 
192.168.17.24 ,192.168.9.51 ,204 
192.168.17.24 ,192.168.10.60 ,204 
66.11.164.174 ,216.58.112.55 ,60 
207.8.198.31 ,216.58.112.55 ,48 
83.11.117.100 ,216.58.112.55 ,60 
192.168.17.24 ,192.168.9.51 ,235 
192.168.17.24 ,192.168.10.60 ,235 
192.168.17.24 ,192.168.9.51 ,204 
192.168.17.24 ,192.168.10.60 ,204 
207.68.178.56 ,216.58.112.55 ,40 
161.85.118.220 ,216.58.112.55 ,387 
88.246.139.1 ,216.58.112.55 ,48 
86.55.160.170 ,216.58.112.55 ,48 
192.168.17.24 ,192.168.9.51 ,235 
192.168.17.24 ,192.168.10.60 ,235 
192.168.17.24 ,192.168.9.51 ,204 
192.168.17.24 ,192.168.10.60 ,204 
92.83.127.213 ,216.58.112.55 ,48 
222.130.211.51 ,216.58.112.55 ,48 
192.168.17.11 ,10.97.14.25 ,76 
192.168.17.24 ,192.168.9.51 ,235 
192.168.17.24 ,192.168.10.60 ,235 
192.168.17.24 ,192.168.9.51 ,204 
192.168.17.24 ,192.168.10.60 ,204 
67.113.111.177 ,216.58.112.55 ,40 
192.168.17.24 ,192.168.9.51 ,235 
192.168.17.24 ,192.168.10.60 ,235 
192.168.17.24 ,192.168.9.51 ,204 
192.168.17.24 ,192.168.10.60 ,204 
68.188.196.186 ,216.58.112.55 ,387 
192.168.17.24 ,192.168.9.51 ,235 
192.168.17.24 ,192.168.10.60 ,235 
192.168.17.24 ,192.168.9.51 ,204 
192.168.17.24 ,192.168.10.60 ,204 
68.12.143.82 ,216.58.112.55 ,51 
71.206.130.118 ,216.58.112.55 ,51 
76.17.177.237 ,216.58.112.55 ,51 
24.166.109.127 ,216.58.112.55 ,51 
24.165.92.109 ,216.58.112.55 ,51 
71.206.130.118 ,216.58.112.55 ,40 
71.206.130.118 ,216.58.112.55 ,40 
216.173.13.226 ,216.58.112.55 ,48 
216.173.13.226 ,216.58.112.55 ,48 
192.168.17.24 ,192.168.9.51 ,235 
192.168.17.24 ,192.168.10.60 ,235 
192.168.17.24 ,192.168.9.51 ,204 
192.168.17.24 ,192.168.10.60 ,204 
192.168.17.24 ,192.168.9.51 ,235 
192.168.17.24 ,192.168.10.60 ,235 
192.168.17.24 ,192.168.9.51 ,204 
192.168.17.24 ,192.168.10.60 ,204 
193.22.88.152 ,216.58.112.55 ,48 
216.198.251.162 ,216.58.112.55 ,60 
192.168.17.24 ,192.168.9.51 ,235 
192.168.17.24 ,192.168.10.60 ,235 
192.168.17.24 ,192.168.9.51 ,204 
192.168.17.24 ,192.168.10.60 ,204 
195.205.8.254 ,216.58.112.55 ,51 
195.205.8.254 ,216.58.112.55 ,51 
195.205.8.254 ,216.58.112.55 ,51 
195.205.8.254 ,216.58.112.55 ,51 
192.168.17.11 ,10.97.14.25 ,76 
195.205.8.254 ,216.58.112.55 ,51 
61.247.239.28 ,216.58.112.55 ,48 
203.130.2.3 ,216.58.112.55 ,60 
192.168.17.24 ,192.168.9.51 ,235 
192.168.17.24 ,192.168.10.60 ,235 
192.168.17.24 ,192.168.9.51 ,204 
192.168.17.24 ,192.168.10.60 ,204 
67.15.135.138 ,216.58.112.55 ,48 
67.15.135.138 ,216.58.112.55 ,48 
125.65.244.45 ,216.58.112.55 ,48 
24.64.123.100 ,216.58.112.55 ,512 
24.64.123.100 ,216.58.112.55 ,512 
24.64.123.100 ,216.58.112.55 ,512 
192.168.17.24 ,192.168.9.51 ,235 
192.168.17.24 ,192.168.10.60 ,235 
192.168.17.24 ,192.168.9.51 ,204 
192.168.17.24 ,192.168.10.60 ,204 
24.64.117.21 ,216.58.112.55 ,512 
24.64.117.21 ,216.58.112.55 ,512 
24.64.117.21 ,216.58.112.55 ,512 
99.163.34.225 ,216.58.112.55 ,40 
67.15.135.138 ,216.58.112.55 ,48 
195.135.221.135 ,216.58.112.55 ,60 
210.185.160.111 ,216.58.112.55 ,48 
192.168.17.24 ,192.168.9.51 ,235 
192.168.17.24 ,192.168.10.60 ,235 
192.168.17.24 ,192.168.9.51 ,204 
192.168.17.24 ,192.168.10.60 ,204 
203.130.2.3 ,216.58.112.55 ,60 
24.64.228.211 ,216.58.112.55 ,512 
24.64.228.211 ,216.58.112.55 ,512 
24.64.228.211 ,216.58.112.55 ,512 
92.113.205.165 ,216.58.112.55 ,48 
56.126.223.189 ,216.58.112.55 ,387 
192.168.17.24 ,192.168.9.51 ,235 
192.168.17.24 ,192.168.10.60 ,235 
192.168.17.24 ,192.168.9.51 ,204 
192.168.17.24 ,192.168.10.60 ,204 
91.120.54.156 ,216.58.112.55 ,48 
85.98.186.43 ,216.58.112.55 ,48 
207.58.147.92 ,216.58.112.55 ,44 
208.64.200.32 ,216.58.112.55 ,60 
96.234.177.228 ,216.58.112.55 ,48 
66.230.200.240 ,216.58.112.55 ,60 
87.223.189.238 ,216.58.112.55 ,48 
192.168.17.24 ,192.168.9.51 ,235 
192.168.17.24 ,192.168.10.60 ,235 
192.168.17.24 ,192.168.9.51 ,204 
192.168.17.24 ,192.168.10.60 ,204 
75.121.38.232 ,216.58.112.55 ,51 
24.64.198.159 ,216.58.112.55 ,512 
24.64.198.159 ,216.58.112.55 ,512 
24.64.198.159 ,216.58.112.55 ,512 
192.168.17.24 ,192.168.9.51 ,235 
192.168.17.24 ,192.168.10.60 ,235 
192.168.17.24 ,192.168.9.51 ,204 
192.168.17.24 ,192.168.10.60 ,204 
192.168.17.11 ,10.97.14.25 ,76 
198.173.64.82 ,216.58.112.55 ,64 
192.168.17.24 ,192.168.9.51 ,235 
192.168.17.24 ,192.168.10.60 ,235 
192.168.17.24 ,192.168.9.51 ,204 
192.168.17.24 ,192.168.10.60 ,204 
77.49.33.205 ,216.58.112.55 ,48 
192.168.17.24 ,192.168.9.51 ,235 
192.168.17.24 ,192.168.10.60 ,235 
192.168.17.24 ,192.168.9.51 ,204 
192.168.17.24 ,192.168.10.60 ,204 
88.252.39.9 ,216.58.112.55 ,44 
88.227.145.120 ,216.58.112.55 ,48 
209.200.225.222 ,216.58.112.55 ,60 
192.168.17.24 ,192.168.9.51 ,235 
192.168.17.24 ,192.168.10.60 ,235 
192.168.17.24 ,192.168.9.51 ,204 
192.168.17.24 ,192.168.10.60 ,204 
72.44.69.122 ,216.58.112.55 ,48 
66.11.164.174 ,216.58.112.55 ,60 
123.7.11.116 ,216.58.112.55 ,374 
203.130.2.3 ,216.58.112.55 ,60 
85.18.14.45 ,216.58.112.55 ,48 
192.168.17.24 ,192.168.9.51 ,235 
192.168.17.24 ,192.168.10.60 ,235 
192.168.17.24 ,192.168.9.51 ,204 
192.168.17.24 ,192.168.10.60 ,204 
125.65.244.45 ,216.58.112.55 ,48 
192.168.17.24 ,192.168.9.51 ,235 
192.168.17.24 ,192.168.10.60 ,235 
192.168.17.24 ,192.168.9.51 ,204 
192.168.17.24 ,192.168.10.60 ,204 
59.96.104.144 ,216.58.112.55 ,44 
35.248.242.23 ,216.58.112.55 ,387 
192.168.17.11 ,10.97.14.25 ,76 
192.168.17.24 ,192.168.9.51 ,235 
192.168.17.24 ,192.168.10.60 ,235 
192.168.17.24 ,192.168.9.51 ,204 
192.168.17.24 ,192.168.10.60 ,204 
88.204.214.253 ,216.58.112.55 ,78 
61.17.32.97 ,216.58.112.55 ,44 
67.15.135.138 ,216.58.112.55 ,48 
221.128.153.121 ,216.58.112.55 ,48 
67.15.135.138 ,216.58.112.55 ,48 
88.141.131.95 ,216.58.112.55 ,48 
192.168.17.24 ,192.168.9.51 ,235 
192.168.17.24 ,192.168.10.60 ,235 
192.168.17.24 ,192.168.9.51 ,204 
192.168.17.24 ,192.168.10.60 ,204 
222.112.147.208 ,216.58.112.55 ,44 
172.185.75.116 ,216.58.112.55 ,375 
192.168.17.24 ,192.168.9.51 ,235 
192.168.17.24 ,192.168.10.60 ,235 
192.168.17.24 ,192.168.9.51 ,204 
192.168.17.24 ,192.168.10.60 ,204 
67.15.135.138 ,216.58.112.55 ,48 
89.21.232.5 ,216.58.112.55 ,48 
88.231.183.155 ,216.58.112.55 ,44 
125.76.214.6 ,216.58.112.55 ,40 
185.79.236.96 ,216.58.112.55 ,386 
192.168.17.24 ,192.168.9.51 ,235 
192.168.17.24 ,192.168.10.60 ,235 
192.168.17.24 ,192.168.9.51 ,204 
192.168.17.24 ,192.168.10.60 ,204 
62.189.181.120 ,216.58.112.55 ,48 
104.214.116.160 ,216.58.112.55 ,387 
124.253.3.84 ,216.58.112.55 ,48 
91.124.139.216 ,216.58.112.55 ,44 
192.168.17.24 ,192.168.9.51 ,235 
192.168.17.24 ,192.168.10.60 ,235 
192.168.17.24 ,192.168.9.51 ,204 
192.168.17.24 ,192.168.10.60 ,204 
219.153.13.152 ,216.58.112.55 ,404 
192.168.17.24 ,192.168.9.51 ,235 
192.168.17.24 ,192.168.10.60 ,235 
192.168.17.24 ,192.168.9.51 ,204 
192.168.17.24 ,192.168.10.60 ,204 
192.168.17.11 ,10.97.14.25 ,76 
64.74.133.20 ,216.58.112.55 ,32 
64.74.133.12 ,216.58.112.55 ,32 
64.74.133.20 ,216.58.112.55 ,32 
64.74.133.12 ,216.58.112.55 ,32 
64.74.133.20 ,216.58.112.55 ,32 
64.74.133.12 ,216.58.112.55 ,32 
64.74.133.20 ,216.58.112.55 ,32 
64.74.133.12 ,216.58.112.55 ,32 
64.74.133.20 ,216.58.112.55 ,32 
192.168.17.24 ,192.168.9.51 ,235 
192.168.17.24 ,192.168.10.60 ,235 
192.168.17.24 ,192.168.9.51 ,204 
192.168.17.24 ,192.168.10.60 ,204 
64.74.133.20 ,216.58.112.55 ,32 
64.74.133.20 ,216.58.112.55 ,32 
66.98.0.101 ,216.58.112.55 ,48 
192.168.17.24 ,192.168.9.51 ,235 
192.168.17.24 ,192.168.10.60 ,235 
192.168.17.24 ,192.168.9.51 ,204 
192.168.17.24 ,192.168.10.60 ,204 
222.117.164.222 ,216.58.112.55 ,52 
115.187.206.140 ,216.58.112.55 ,387 
192.168.17.24 ,192.168.9.51 ,235 
192.168.17.24 ,192.168.10.60 ,235 
192.168.17.24 ,192.168.9.51 ,204 
192.168.17.24 ,192.168.10.60 ,204 
24.64.129.184 ,216.58.112.55 ,512 
24.64.129.184 ,216.58.112.55 ,512 
24.64.129.184 ,216.58.112.55 ,512 
24.64.139.166 ,216.58.112.55 ,512 
24.64.139.166 ,216.58.112.55 ,512 
66.167.81.195 ,216.58.112.55 ,44 
77.51.81.204 ,216.58.112.55 ,48 
87.106.95.209 ,216.58.112.55 ,60 
192.168.17.24 ,192.168.9.51 ,235 
192.168.17.24 ,192.168.10.60 ,235 
192.168.17.24 ,192.168.9.51 ,204 
192.168.17.24 ,192.168.10.60 ,204 
124.125.41.87 ,216.58.112.55 ,48 
192.168.17.24 ,192.168.9.51 ,235 
192.168.17.24 ,192.168.10.60 ,235 
192.168.17.24 ,192.168.9.51 ,204 
192.168.17.24 ,192.168.10.60 ,204 
122.163.97.121 ,216.58.112.55 ,44 
70.85.185.66 ,216.58.112.55 ,60 
220.64.219.189 ,216.58.112.55 ,40 
192.168.17.11 ,10.97.14.25 ,76 
192.168.17.24 ,192.168.9.51 ,235 
192.168.17.24 ,192.168.10.60 ,235 
192.168.17.24 ,192.168.9.51 ,204 
192.168.17.24 ,192.168.10.60 ,204 
24.64.118.104 ,216.58.112.55 ,512 
24.64.118.104 ,216.58.112.55 ,512 
24.64.118.104 ,216.58.112.55 ,512 
192.168.17.24 ,192.168.9.51 ,235 
192.168.17.24 ,192.168.10.60 ,235 
192.168.17.24 ,192.168.9.51 ,204 
192.168.17.24 ,192.168.10.60 ,204 
42.201.28.114 ,216.58.112.55 ,387 
24.64.122.10 ,216.58.112.55 ,512 
24.64.122.10 ,216.58.112.55 ,512 
24.64.122.10 ,216.58.112.55 ,512 
192.168.17.24 ,192.168.9.51 ,235 
192.168.17.24 ,192.168.10.60 ,235 
192.168.17.24 ,192.168.9.51 ,204 
192.168.17.24 ,192.168.10.60 ,204 
80.207.16.18 ,216.58.112.55 ,48 
80.207.16.18 ,216.58.112.55 ,40 
80.207.16.18 ,216.58.112.55 ,48 
80.207.16.18 ,216.58.112.55 ,40 
80.207.16.18 ,216.58.112.55 ,48 
192.168.17.24 ,192.168.9.51 ,235 
192.168.17.24 ,192.168.10.60 ,235 
192.168.17.24 ,192.168.9.51 ,204 
192.168.17.24 ,192.168.10.60 ,204 
80.145.197.50 ,216.58.112.55 ,52 
189.26.72.76 ,216.58.112.55 ,48 
62.139.173.49 ,216.58.112.55 ,48 
62.43.240.58 ,216.58.112.55 ,52 
192.168.17.24 ,192.168.9.51 ,235 
192.168.17.24 ,192.168.10.60 ,235 
192.168.17.24 ,192.168.9.51 ,204 
192.168.17.24 ,192.168.10.60 ,204 
82.31.90.79 ,216.58.112.55 ,48 
11.216.73.107 ,216.58.112.55 ,387 
192.168.17.24 ,192.168.9.51 ,235 
192.168.17.24 ,192.168.10.60 ,235 
192.168.17.24 ,192.168.9.51 ,204 
192.168.17.24 ,192.168.10.60 ,204 
76.97.188.68 ,216.58.112.55 ,56 
65.100.199.179 ,216.58.112.55 ,44 
192.168.17.11 ,10.97.14.25 ,76 
89.218.72.48 ,216.58.112.55 ,44 
89.239.170.230 ,216.58.112.55 ,48 
192.168.17.24 ,192.168.9.51 ,235 
192.168.17.24 ,192.168.10.60 ,235 
192.168.17.24 ,192.168.9.51 ,204 
192.168.17.24 ,192.168.10.60 ,204 
91.163.121.22 ,216.58.112.55 ,44 
89.106.9.10 ,216.58.112.55 ,40 
192.168.17.24 ,192.168.9.51 ,235 
192.168.17.24 ,192.168.10.60 ,235 
192.168.17.24 ,192.168.9.51 ,204 
192.168.17.24 ,192.168.10.60 ,204 
78.176.73.68 ,216.58.112.55 ,48 
85.100.152.76 ,216.58.112.55 ,48 
192.168.17.24 ,192.168.9.51 ,235 
192.168.17.24 ,192.168.10.60 ,235 
192.168.17.24 ,192.168.9.51 ,204 
192.168.17.24 ,192.168.10.60 ,204 
62.57.158.240 ,216.58.112.55 ,48 
88.253.77.212 ,216.58.112.55 ,48 
87.226.215.54 ,216.58.112.55 ,48 
62.193.216.46 ,216.58.112.55 ,60 
192.168.17.24 ,192.168.9.51 ,235 
192.168.17.24 ,192.168.10.60 ,235 
192.168.17.24 ,192.168.9.51 ,204 
192.168.17.24 ,192.168.10.60 ,204 
211.116.81.90 ,216.58.112.55 ,48 
24.64.37.74 ,216.58.112.55 ,512 
24.64.37.74 ,216.58.112.55 ,512 
24.64.37.74 ,216.58.112.55 ,512 
192.168.17.24 ,192.168.9.51 ,235 
192.168.17.24 ,192.168.10.60 ,235 
192.168.17.24 ,192.168.9.51 ,204 
192.168.17.24 ,192.168.10.60 ,204 
213.217.179.196 ,216.58.112.55 ,48 
24.64.105.94 ,216.58.112.55 ,512 
24.64.105.94 ,216.58.112.55 ,512 
24.64.105.94 ,216.58.112.55 ,512 
192.168.17.24 ,192.168.9.51 ,235 
192.168.17.24 ,192.168.10.60 ,235 
192.168.17.24 ,192.168.9.51 ,204 
192.168.17.24 ,192.168.10.60 ,204 
192.168.17.11 ,10.97.14.25 ,76 
129.197.76.182 ,216.58.112.55 ,387 
192.168.17.24 ,192.168.9.51 ,235 
192.168.17.24 ,192.168.10.60 ,235 
192.168.17.24 ,192.168.9.51 ,204 
192.168.17.24 ,192.168.10.60 ,204 
82.0.207.55 ,216.58.112.55 ,48 
69.72.133.211 ,216.58.112.55 ,60 
128.121.79.163 ,216.58.112.55 ,60 
192.168.17.24 ,192.168.9.51 ,235 
192.168.17.24 ,192.168.10.60 ,235 
192.168.17.24 ,192.168.9.51 ,204 
192.168.17.24 ,192.168.10.60 ,204 
24.64.71.104 ,216.58.112.55 ,512 
24.64.71.104 ,216.58.112.55 ,512 
24.64.71.104 ,216.58.112.55 ,512 
192.168.17.24 ,192.168.9.51 ,235 
192.168.17.24 ,192.168.10.60 ,235 
192.168.17.24 ,192.168.9.51 ,204 
192.168.17.24 ,192.168.10.60 ,204 
66.11.164.174 ,216.58.112.55 ,60 
192.168.17.24 ,192.168.9.51 ,235 
192.168.17.24 ,192.168.10.60 ,235 
192.168.17.24 ,192.168.9.51 ,204 
192.168.17.24 ,192.168.10.60 ,204 
212.83.88.47 ,216.58.112.55 ,44 
203.130.172.230 ,216.58.112.55 ,374 
192.168.17.24 ,192.168.9.51 ,235 
192.168.17.24 ,192.168.10.60 ,235 
192.168.17.24 ,192.168.9.51 ,204 
192.168.17.24 ,192.168.10.60 ,204 
212.182.187.71 ,216.58.112.55 ,44 
192.168.17.11 ,10.97.14.25 ,76 
192.168.17.24 ,192.168.9.51 ,235 
192.168.17.24 ,192.168.10.60 ,235 
192.168.17.24 ,192.168.9.51 ,204 
192.168.17.24 ,192.168.10.60 ,204 
67.15.135.138 ,216.58.112.55 ,48 
78.3.77.4 ,216.58.112.55 ,48 
192.168.17.24 ,192.168.9.51 ,235 
192.168.17.24 ,192.168.10.60 ,235 
192.168.17.24 ,192.168.9.51 ,204 
192.168.17.24 ,192.168.10.60 ,204 
68.119.100.24 ,216.58.112.55 ,125 
81.27.145.12 ,216.58.112.55 ,44 
217.30.253.42 ,216.58.112.55 ,48 
192.168.17.24 ,192.168.9.51 ,235 
192.168.17.24 ,192.168.10.60 ,235 
192.168.17.24 ,192.168.9.51 ,204 
192.168.17.24 ,192.168.10.60 ,204 
172.210.174.157 ,216.58.112.55 ,387 
87.88.189.78 ,216.58.112.55 ,48 
192.168.17.24 ,192.168.9.51 ,235 
192.168.17.24 ,192.168.10.60 ,235 
192.168.17.24 ,192.168.9.51 ,204 
192.168.17.24 ,192.168.10.60 ,204 
164.173.192.88 ,216.58.112.55 ,375 
24.64.103.99 ,216.58.112.55 ,512 
24.64.103.99 ,216.58.112.55 ,512 
24.64.103.99 ,216.58.112.55 ,512 
192.168.17.24 ,192.168.9.51 ,235 
192.168.17.24 ,192.168.10.60 ,235 
192.168.17.24 ,192.168.9.51 ,204 
192.168.17.24 ,192.168.10.60 ,204 
24.65.2.194 ,216.58.112.55 ,512 
24.65.2.194 ,216.58.112.55 ,512 
24.65.2.194 ,216.58.112.55 ,512 
192.168.17.24 ,192.168.9.51 ,235 
192.168.17.24 ,192.168.10.60 ,235 
192.168.17.24 ,192.168.9.51 ,204 
192.168.17.24 ,192.168.10.60 ,204 
139.195.225.120 ,216.58.112.55 ,386 
192.168.17.11 ,10.97.14.25 ,76 
205.214.70.29 ,216.58.112.55 ,387 
192.168.17.24 ,192.168.9.51 ,235 
192.168.17.24 ,192.168.10.60 ,235 
192.168.17.24 ,192.168.9.51 ,204 
192.168.17.24 ,192.168.10.60 ,204 
24.64.181.70 ,216.58.112.55 ,512 
24.64.181.70 ,216.58.112.55 ,512 
24.64.181.70 ,216.58.112.55 ,512 
66.11.164.174 ,216.58.112.55 ,60 
192.168.17.24 ,192.168.9.51 ,235 
192.168.17.24 ,192.168.10.60 ,235 
192.168.17.24 ,192.168.9.51 ,204 
192.168.17.24 ,192.168.10.60 ,204 
202.213.57.37 ,216.58.112.55 ,48 
78.62.67.99 ,216.58.112.55 ,44 
91.127.44.141 ,216.58.112.55 ,44 
88.249.64.131 ,216.58.112.55 ,48 
192.168.17.24 ,192.168.9.51 ,235 
192.168.17.24 ,192.168.10.60 ,235 
192.168.17.24 ,192.168.9.51 ,204 
192.168.17.24 ,192.168.10.60 ,204 
192.168.17.24 ,192.168.9.51 ,235 
192.168.17.24 ,192.168.10.60 ,235 
192.168.17.24 ,192.168.9.51 ,204 
192.168.17.24 ,192.168.10.60 ,204 
62.202.74.126 ,216.58.112.55 ,48 
62.202.74.126 ,216.58.112.55 ,48 
81.154.43.76 ,216.58.112.55 ,48 
218.27.4.98 ,216.58.112.55 ,48 
89.110.10.82 ,216.58.112.55 ,44 
87.235.99.242 ,216.58.112.55 ,48 
81.23.126.18 ,216.58.112.55 ,48 
24.64.44.212 ,216.58.112.55 ,512 
24.64.44.212 ,216.58.112.55 ,512 
24.64.44.212 ,216.58.112.55 ,512 
192.168.17.24 ,192.168.9.51 ,235 
192.168.17.24 ,192.168.10.60 ,235 
192.168.17.24 ,192.168.9.51 ,204 
192.168.17.24 ,192.168.10.60 ,204 
103.226.196.33 ,216.58.112.55 ,387 
122.164.76.115 ,216.58.112.55 ,44 
192.168.17.24 ,192.168.9.51 ,235 
192.168.17.24 ,192.168.10.60 ,235 
192.168.17.24 ,192.168.9.51 ,204 
192.168.17.24 ,192.168.10.60 ,204 
192.168.17.11 ,10.97.14.25 ,76 
192.168.17.24 ,192.168.9.51 ,235 
192.168.17.24 ,192.168.10.60 ,235 
192.168.17.24 ,192.168.9.51 ,204 
192.168.17.24 ,192.168.10.60 ,204 
218.16.119.142 ,216.58.112.55 ,48 
192.168.17.24 ,192.168.9.51 ,235 
192.168.17.24 ,192.168.10.60 ,235 
192.168.17.24 ,192.168.9.51 ,204 
192.168.17.24 ,192.168.10.60 ,204 
99.233.139.230 ,216.58.112.55 ,52 
99.233.139.230 ,216.58.112.55 ,52 
99.233.139.230 ,216.58.112.55 ,52 
99.233.139.230 ,216.58.112.55 ,52 
99.233.139.230 ,216.58.112.55 ,48 
192.168.17.24 ,192.168.9.51 ,235 
192.168.17.24 ,192.168.10.60 ,235 
192.168.17.24 ,192.168.9.51 ,204 
192.168.17.24 ,192.168.10.60 ,204 
79.72.34.118 ,216.58.112.55 ,387 
67.15.135.138 ,216.58.112.55 ,48 
192.168.17.24 ,192.168.9.51 ,235 
192.168.17.24 ,192.168.10.60 ,235 
192.168.17.24 ,192.168.9.51 ,204 
192.168.17.24 ,192.168.10.60 ,204 
217.136.233.230 ,216.58.112.55 ,48 
192.168.17.24 ,192.168.9.51 ,235 
192.168.17.24 ,192.168.10.60 ,235 
192.168.17.24 ,192.168.9.51 ,204 
192.168.17.24 ,192.168.10.60 ,204 
201.235.46.177 ,216.58.112.55 ,48 
192.168.17.11 ,10.97.14.25 ,76 
24.64.97.160 ,216.58.112.55 ,512 
24.64.97.160 ,216.58.112.55 ,512 
24.64.97.160 ,216.58.112.55 ,512 
192.168.17.24 ,192.168.9.51 ,235 
192.168.17.24 ,192.168.10.60 ,235 
192.168.17.24 ,192.168.9.51 ,204 
192.168.17.24 ,192.168.10.60 ,204 
89.138.226.129 ,216.58.112.55 ,48 
195.210.44.163 ,216.58.112.55 ,64 
195.210.44.163 ,216.58.112.55 ,64 
54.247.102.222 ,216.58.112.55 ,387 
192.168.17.24 ,192.168.9.51 ,235 
192.168.17.24 ,192.168.10.60 ,235 
192.168.17.24 ,192.168.9.51 ,204 
192.168.17.24 ,192.168.10.60 ,204 
216.205.91.75 ,216.58.112.55 ,40 
192.168.17.24 ,192.168.9.51 ,235 
192.168.17.24 ,192.168.10.60 ,235 
192.168.17.24 ,192.168.9.51 ,204 
192.168.17.24 ,192.168.10.60 ,204 
210.17.245.163 ,216.58.112.55 ,48 
192.168.17.24 ,192.168.9.51 ,235 
192.168.17.24 ,192.168.10.60 ,235 
192.168.17.24 ,192.168.9.51 ,204 
192.168.17.24 ,192.168.10.60 ,204 
221.208.208.96 ,216.58.112.55 ,486 
221.208.208.96 ,216.58.112.55 ,486 
192.168.17.24 ,192.168.9.51 ,235 
192.168.17.24 ,192.168.10.60 ,235 
192.168.17.24 ,192.168.9.51 ,204 
192.168.17.24 ,192.168.10.60 ,204 
190.50.215.123 ,216.58.112.55 ,44 
192.168.17.24 ,192.168.9.51 ,235 
192.168.17.24 ,192.168.10.60 ,235 
192.168.17.24 ,192.168.9.51 ,204 
192.168.17.24 ,192.168.10.60 ,204 
192.168.17.11 ,10.97.14.25 ,76 
192.168.17.24 ,192.168.9.51 ,235 
192.168.17.24 ,192.168.10.60 ,235 
192.168.17.24 ,192.168.9.51 ,204 
192.168.17.24 ,192.168.10.60 ,204 
192.168.17.24 ,192.168.9.51 ,235 
192.168.17.24 ,192.168.10.60 ,235 
192.168.17.24 ,192.168.9.51 ,204 
192.168.17.24 ,192.168.10.60 ,204 
221.208.208.96 ,216.58.112.55 ,486 
221.208.208.96 ,216.58.112.55 ,486 
66.11.164.174 ,216.58.112.55 ,60 
205.120.249.95 ,216.58.112.55 ,387 
192.168.17.24 ,192.168.9.51 ,235 
192.168.17.24 ,192.168.10.60 ,235 
192.168.17.24 ,192.168.9.51 ,204 
192.168.17.24 ,192.168.10.60 ,204 
194.213.42.149 ,216.58.112.55 ,44 
192.168.17.24 ,192.168.9.51 ,235 
192.168.17.24 ,192.168.10.60 ,235 
192.168.17.24 ,192.168.9.51 ,204 
192.168.17.24 ,192.168.10.60 ,204 
201.68.29.229 ,216.58.112.55 ,48 
201.68.29.229 ,216.58.112.55 ,48 
24.64.158.1 ,216.58.112.55 ,512 
24.64.158.1 ,216.58.112.55 ,512 
24.64.158.1 ,216.58.112.55 ,512 
192.168.17.24 ,192.168.9.51 ,235 
192.168.17.24 ,192.168.10.60 ,235 
192.168.17.24 ,192.168.9.51 ,204 
192.168.17.24 ,192.168.10.60 ,204 
23.118.142.54 ,216.58.112.55 ,374 
124.64.197.227 ,216.58.112.55 ,44 
192.168.17.11 ,10.97.14.25 ,76 
192.168.17.24 ,192.168.9.51 ,235 
192.168.17.24 ,192.168.10.60 ,235 
192.168.17.24 ,192.168.9.51 ,204 
192.168.17.24 ,192.168.10.60 ,204 
24.64.92.58 ,216.58.112.55 ,512 
24.64.92.58 ,216.58.112.55 ,512 
24.64.92.58 ,216.58.112.55 ,512 
192.168.17.24 ,192.168.9.51 ,235 
192.168.17.24 ,192.168.10.60 ,235 
192.168.17.24 ,192.168.9.51 ,204 
192.168.17.24 ,192.168.10.60 ,204 
77.103.133.38 ,216.58.112.55 ,48 
82.82.135.131 ,216.58.112.55 ,48 
201.229.180.239 ,216.58.112.55 ,48 
58.187.204.115 ,216.58.112.55 ,44 
77.42.129.124 ,216.58.112.55 ,60 
192.168.17.24 ,192.168.9.51 ,235 
192.168.17.24 ,192.168.10.60 ,235 
192.168.17.24 ,192.168.9.51 ,204 
192.168.17.24 ,192.168.10.60 ,204 
216.58.112.55 ,77.42.129.124 ,61 
216.58.112.55 ,77.42.129.124 ,61 
216.58.112.55 ,77.42.129.124 ,61 
192.168.17.24 ,192.168.9.51 ,235 
192.168.17.24 ,192.168.10.60 ,235 
192.168.17.24 ,192.168.9.51 ,204 
192.168.17.24 ,192.168.10.60 ,204 
24.64.87.149 ,216.58.112.55 ,512 
24.64.87.149 ,216.58.112.55 ,512 
24.64.87.149 ,216.58.112.55 ,512 
192.168.17.24 ,192.168.9.51 ,235 
192.168.17.24 ,192.168.10.60 ,235 
192.168.17.24 ,192.168.9.51 ,204 
192.168.17.24 ,192.168.10.60 ,204 
190.64.178.15 ,216.58.112.55 ,375 
192.168.17.24 ,192.168.9.51 ,235 
192.168.17.24 ,192.168.10.60 ,235 
192.168.17.24 ,192.168.9.51 ,204 
192.168.17.24 ,192.168.10.60 ,204 
189.13.197.253 ,216.58.112.55 ,48 
50.175.203.207 ,216.58.112.55 ,387 
192.168.17.11 ,10.97.14.25 ,76 
61.7.42.45 ,216.58.112.55 ,44 
192.168.17.24 ,192.168.9.51 ,235 
192.168.17.24 ,192.168.10.60 ,235 
192.168.17.24 ,192.168.9.51 ,204 
192.168.17.24 ,192.168.10.60 ,204 
41.196.235.213 ,216.58.112.55 ,48 
192.168.17.24 ,192.168.9.51 ,235 
192.168.17.24 ,192.168.10.60 ,235 
192.168.17.24 ,192.168.9.51 ,204 
192.168.17.24 ,192.168.10.60 ,204 
111.58.183.137 ,216.58.112.55 ,386 
189.13.212.7 ,216.58.112.55 ,48 
199.89.242.208 ,216.58.112.55 ,387 
213.140.232.7 ,216.58.112.55 ,44 
192.168.17.24 ,192.168.9.51 ,235 
192.168.17.24 ,192.168.10.60 ,235 
192.168.17.24 ,192.168.9.51 ,204 
192.168.17.24 ,192.168.10.60 ,204 
24.64.138.162 ,216.58.112.55 ,512 
24.64.138.162 ,216.58.112.55 ,512 
24.64.138.162 ,216.58.112.55 ,512 
69.147.103.130 ,216.58.112.55 ,60 
82.158.227.219 ,216.58.112.55 ,48 
192.168.17.24 ,192.168.9.51 ,235 
192.168.17.24 ,192.168.10.60 ,235 
192.168.17.24 ,192.168.9.51 ,204 
192.168.17.24 ,192.168.10.60 ,204 
87.18.196.127 ,216.58.112.55 ,48 
192.168.17.24 ,192.168.9.51 ,235 
192.168.17.24 ,192.168.10.60 ,235 
192.168.17.24 ,192.168.9.51 ,204 
192.168.17.24 ,192.168.10.60 ,204 
84.30.36.133 ,216.58.112.55 ,48 
195.56.207.203 ,216.58.112.55 ,44 
192.168.17.24 ,192.168.9.51 ,235 
192.168.17.24 ,192.168.10.60 ,235 
192.168.17.24 ,192.168.9.51 ,204 
192.168.17.24 ,192.168.10.60 ,204 
192.168.17.11 ,10.97.14.25 ,76 
24.64.54.240 ,216.58.112.55 ,512 
24.64.54.240 ,216.58.112.55 ,512 
24.64.54.240 ,216.58.112.55 ,512 
89.229.17.127 ,216.58.112.55 ,64 
192.168.17.24 ,192.168.9.51 ,235 
192.168.17.24 ,192.168.10.60 ,235 
192.168.17.24 ,192.168.9.51 ,204 
192.168.17.24 ,192.168.10.60 ,204 
104.215.205.113 ,216.58.112.55 ,387 
24.64.237.40 ,216.58.112.55 ,512 
24.64.237.40 ,216.58.112.55 ,512 
24.64.237.40 ,216.58.112.55 ,512 
81.183.226.220 ,216.58.112.55 ,64 
190.42.207.84 ,216.58.112.55 ,48 
192.168.17.24 ,192.168.9.51 ,235 
192.168.17.24 ,192.168.10.60 ,235 
192.168.17.24 ,192.168.9.51 ,204 
192.168.17.24 ,192.168.10.60 ,204 
217.129.202.86 ,216.58.112.55 ,48 
88.130.115.204 ,216.58.112.55 ,48 
67.15.159.106 ,216.58.112.55 ,44 
90.133.233.106 ,216.58.112.55 ,48 
216.67.250.37 ,216.58.112.55 ,60 
192.168.17.24 ,192.168.9.51 ,235 
192.168.17.24 ,192.168.10.60 ,235 
192.168.17.24 ,192.168.9.51 ,204 
192.168.17.24 ,192.168.10.60 ,204 
78.37.28.42 ,216.58.112.55 ,48 
61.78.175.216 ,216.58.112.55 ,44 
66.11.164.174 ,216.58.112.55 ,60 
192.168.17.24 ,192.168.9.51 ,235 
192.168.17.24 ,192.168.10.60 ,235 
192.168.17.24 ,192.168.9.51 ,204 
192.168.17.24 ,192.168.10.60 ,204 
24.64.252.125 ,216.58.112.55 ,512 
24.64.252.125 ,216.58.112.55 ,512 
24.64.252.125 ,216.58.112.55 ,512 
124.120.198.32 ,216.58.112.55 ,48 
89.141.6.74 ,216.58.112.55 ,48 
86.21.44.73 ,216.58.112.55 ,48 
192.168.17.24 ,192.168.9.51 ,235 
192.168.17.24 ,192.168.10.60 ,235 
192.168.17.24 ,192.168.9.51 ,204 
192.168.17.24 ,192.168.10.60 ,204 
192.168.17.11 ,10.97.14.25 ,76 
210.111.249.120 ,216.58.112.55 ,387 
122.127.77.194 ,216.58.112.55 ,44 
192.168.17.24 ,192.168.9.51 ,235 
192.168.17.24 ,192.168.10.60 ,235 
192.168.17.24 ,192.168.9.51 ,204 
192.168.17.24 ,192.168.10.60 ,204 
66.11.164.174 ,216.58.112.55 ,60 
221.150.144.60 ,216.58.112.55 ,52 
221.150.144.60 ,216.58.112.55 ,52 
221.150.144.60 ,216.58.112.55 ,52 
71.4.79.129 ,216.58.112.55 ,96 
71.4.79.129 ,216.58.112.55 ,96 
71.4.79.129 ,216.58.112.55 ,96 
71.4.79.129 ,216.58.112.55 ,96 
71.4.79.129 ,216.58.112.55 ,96 
221.135.220.37 ,216.58.112.55 ,48 
192.168.17.24 ,192.168.9.51 ,235 
192.168.17.24 ,192.168.10.60 ,235 
192.168.17.24 ,192.168.9.51 ,204 
192.168.17.24 ,192.168.10.60 ,204 
190.5.198.246 ,216.58.112.55 ,48 
201.231.210.32 ,216.58.112.55 ,48 
221.209.110.13 ,216.58.112.55 ,485 
221.209.110.13 ,216.58.112.55 ,485 
221.209.110.13 ,216.58.112.55 ,485 
89.132.192.77 ,216.58.112.55 ,44 
192.168.17.24 ,192.168.9.51 ,235 
192.168.17.24 ,192.168.10.60 ,235 
192.168.17.24 ,192.168.9.51 ,204 
192.168.17.24 ,192.168.10.60 ,204 
81.105.156.28 ,216.58.112.55 ,48 
79.125.130.64 ,216.58.112.55 ,48 
192.168.17.13 ,64.29.178.178 ,40 
41.249.69.53 ,216.58.112.55 ,48 
213.47.147.194 ,216.58.112.55 ,48 
207.58.137.251 ,216.58.112.55 ,60 
89.130.106.209 ,216.58.112.55 ,48 
85.103.174.82 ,216.58.112.55 ,48 
200.121.27.25 ,216.58.112.55 ,48 
159.228.23.116 ,216.58.112.55 ,387 
192.168.17.24 ,192.168.9.51 ,235 
192.168.17.24 ,192.168.10.60 ,235 
192.168.17.24 ,192.168.9.51 ,204 
192.168.17.24 ,192.168.10.60 ,204 
200.153.194.87 ,216.58.112.55 ,44 
89.107.90.186 ,216.58.112.55 ,48 
77.197.242.140 ,216.58.112.55 ,48 
190.9.91.197 ,216.58.112.55 ,48 
192.168.17.24 ,192.168.9.51 ,235 
192.168.17.24 ,192.168.10.60 ,235 
192.168.17.24 ,192.168.9.51 ,204 
192.168.17.24 ,192.168.10.60 ,204 
86.101.56.38 ,216.58.112.55 ,48 
85.96.142.122 ,216.58.112.55 ,48 
70.85.185.66 ,216.58.112.55 ,60 
192.168.17.24 ,192.168.9.51 ,235 
192.168.17.24 ,192.168.10.60 ,235 
192.168.17.24 ,192.168.9.51 ,204 
192.168.17.24 ,192.168.10.60 ,204 
192.168.17.11 ,10.97.14.25 ,76 
202.86.169.149 ,216.58.112.55 ,48 
190.65.147.187 ,216.58.112.55 ,44 
192.168.17.24 ,192.168.9.51 ,235 
192.168.17.24 ,192.168.10.60 ,235 
192.168.17.24 ,192.168.9.51 ,204 
192.168.17.24 ,192.168.10.60 ,204 
216.58.112.55 ,85.96.142.122 ,104 
24.64.36.35 ,216.58.112.55 ,512 
24.64.36.35 ,216.58.112.55 ,512 
24.64.36.35 ,216.58.112.55 ,512 
200.88.168.108 ,216.58.112.55 ,52 
67.43.2.249 ,216.58.112.55 ,44 
216.58.112.55 ,85.96.142.122 ,104 
88.18.50.173 ,216.58.112.55 ,48 
192.168.17.24 ,192.168.9.51 ,235 
192.168.17.24 ,192.168.10.60 ,235 
192.168.17.24 ,192.168.9.51 ,204 
192.168.17.24 ,192.168.10.60 ,204 
121.14.136.101 ,216.58.112.55 ,40 
192.168.17.24 ,192.168.9.51 ,235 
192.168.17.24 ,192.168.10.60 ,235 
192.168.17.24 ,192.168.9.51 ,204 
192.168.17.24 ,192.168.10.60 ,204 
195.204.1.164 ,216.58.112.55 ,48 
64.239.158.182 ,216.58.112.55 ,60 
195.135.221.135 ,216.58.112.55 ,60 
192.168.17.24 ,192.168.9.51 ,235 
192.168.17.24 ,192.168.10.60 ,235 
192.168.17.24 ,192.168.9.51 ,204 
192.168.17.24 ,192.168.10.60 ,204 
69.147.64.110 ,216.58.112.55 ,60 
192.168.17.24 ,192.168.9.51 ,235 
192.168.17.24 ,192.168.10.60 ,235 
192.168.17.24 ,192.168.9.51 ,204 
192.168.17.24 ,192.168.10.60 ,204 
149.232.181.220 ,216.58.112.55 ,387 
190.82.220.164 ,216.58.112.55 ,48 
192.168.17.11 ,10.97.14.25 ,76 
192.168.17.24 ,192.168.9.51 ,235 
192.168.17.24 ,192.168.10.60 ,235 
192.168.17.24 ,192.168.9.51 ,204 
192.168.17.24 ,192.168.10.60 ,204 
192.168.17.11 ,10.97.14.21 ,78 
192.168.17.11 ,10.97.14.21 ,78 
192.168.17.11 ,10.97.14.21 ,78 
209.37.71.29 ,216.58.112.55 ,374 
192.168.17.24 ,192.168.9.51 ,235 
192.168.17.24 ,192.168.10.60 ,235 
192.168.17.24 ,192.168.9.51 ,204 
192.168.17.24 ,192.168.10.60 ,204 
65.44.117.52 ,216.58.112.55 ,40 
192.168.17.24 ,192.168.9.51 ,235 
192.168.17.24 ,192.168.10.60 ,235 
192.168.17.24 ,192.168.9.51 ,204 
192.168.17.24 ,192.168.10.60 ,204 
85.75.56.43 ,216.58.112.55 ,48 
218.15.95.162 ,216.58.112.55 ,44 
89.136.134.218 ,216.58.112.55 ,48 
192.168.17.24 ,192.168.9.51 ,235 
192.168.17.24 ,192.168.10.60 ,235 
192.168.17.24 ,192.168.9.51 ,204 
192.168.17.24 ,192.168.10.60 ,204 
59.182.71.143 ,216.58.112.55 ,48 
66.11.164.174 ,216.58.112.55 ,60 
192.168.17.24 ,192.168.9.51 ,235 
192.168.17.24 ,192.168.10.60 ,235 
192.168.17.24 ,192.168.9.51 ,204 
192.168.17.24 ,192.168.10.60 ,204 
59.16.75.200 ,216.58.112.55 ,48 
192.168.17.24 ,192.168.9.51 ,235 
192.168.17.24 ,192.168.10.60 ,235 
192.168.17.24 ,192.168.9.51 ,204 
192.168.17.24 ,192.168.10.60 ,204 
192.168.17.11 ,10.97.14.25 ,76 
11.140.195.161 ,216.58.112.55 ,375 
118.169.147.144 ,216.58.112.55 ,48 
118.169.147.144 ,216.58.112.55 ,48 
200.94.94.98 ,216.58.112.55 ,48 
192.168.17.24 ,192.168.9.51 ,235 
192.168.17.24 ,192.168.10.60 ,235 
192.168.17.24 ,192.168.9.51 ,204 
192.168.17.24 ,192.168.10.60 ,204 
66.163.168.153 ,216.58.112.55 ,60 
192.168.17.24 ,192.168.9.51 ,235 
192.168.17.24 ,192.168.10.60 ,235 
192.168.17.24 ,192.168.9.51 ,204 
192.168.17.24 ,192.168.10.60 ,204 
35.72.188.227 ,216.58.112.55 ,387 
192.168.17.24 ,192.168.9.51 ,235 
192.168.17.24 ,192.168.10.60 ,235 
192.168.17.24 ,192.168.9.51 ,204 
192.168.17.24 ,192.168.10.60 ,204 
84.120.201.9 ,216.58.112.55 ,44 
24.64.45.233 ,216.58.112.55 ,512 
24.64.45.233 ,216.58.112.55 ,512 
24.64.45.233 ,216.58.112.55 ,512 
80.39.134.70 ,216.58.112.55 ,48 
66.11.164.174 ,216.58.112.55 ,60 
66.11.164.174 ,216.58.112.55 ,60 
192.168.17.24 ,192.168.9.51 ,235 
192.168.17.24 ,192.168.10.60 ,235 
192.168.17.24 ,192.168.9.51 ,204 
192.168.17.24 ,192.168.10.60 ,204 
72.90.252.71 ,216.58.112.55 ,386 
24.64.127.181 ,216.58.112.55 ,512 
24.64.127.181 ,216.58.112.55 ,512 
24.64.127.181 ,216.58.112.55 ,512 
143.148.154.37 ,216.58.112.55 ,387 
192.168.17.24 ,192.168.9.51 ,235 
192.168.17.24 ,192.168.10.60 ,235 
192.168.17.24 ,192.168.9.51 ,204 
192.168.17.24 ,192.168.10.60 ,204 
192.168.17.24 ,192.168.9.51 ,235 
192.168.17.24 ,192.168.10.60 ,235 
192.168.17.24 ,192.168.9.51 ,204 
192.168.17.24 ,192.168.10.60 ,204 
192.168.17.11 ,10.97.14.25 ,76 
81.141.91.158 ,216.58.112.55 ,48 
81.141.91.158 ,216.58.112.55 ,48 
75.133.77.10 ,216.58.112.55 ,56 
80.126.146.97 ,216.58.112.55 ,48 
24.64.215.42 ,216.58.112.55 ,512 
24.64.215.42 ,216.58.112.55 ,512 
24.64.215.42 ,216.58.112.55 ,512 
192.168.17.11 ,10.97.14.21 ,78 
192.168.17.11 ,10.97.14.21 ,78 
192.168.17.11 ,10.97.14.21 ,78 
82.166.74.9 ,216.58.112.55 ,48 
192.168.17.24 ,192.168.9.51 ,235 
192.168.17.24 ,192.168.10.60 ,235 
192.168.17.24 ,192.168.9.51 ,204 
192.168.17.24 ,192.168.10.60 ,204 
66.163.168.130 ,216.58.112.55 ,60 
85.240.194.127 ,216.58.112.55 ,44 
24.64.63.127 ,216.58.112.55 ,512 
24.64.63.127 ,216.58.112.55 ,512 
24.64.63.127 ,216.58.112.55 ,512 
151.59.69.23 ,216.58.112.55 ,52 
192.168.17.24 ,192.168.9.51 ,235 
192.168.17.24 ,192.168.10.60 ,235 
192.168.17.24 ,192.168.9.51 ,204 
192.168.17.24 ,192.168.10.60 ,204 
213.140.22.65 ,216.58.112.55 ,48 
75.162.41.23 ,216.58.112.55 ,64 
24.64.200.234 ,216.58.112.55 ,512 
24.64.200.234 ,216.58.112.55 ,512 
24.64.200.234 ,216.58.112.55 ,512 
211.243.145.218 ,216.58.112.55 ,48 
24.64.178.152 ,216.58.112.55 ,512 
24.64.178.152 ,216.58.112.55 ,512 
24.64.178.152 ,216.58.112.55 ,512 
64.29.83.51 ,216.58.112.55 ,48 
192.168.17.24 ,192.168.9.51 ,235 
192.168.17.24 ,192.168.10.60 ,235 
192.168.17.24 ,192.168.9.51 ,204 
192.168.17.24 ,192.168.10.60 ,204 
121.122.37.144 ,216.58.112.55 ,387 
83.213.139.152 ,216.58.112.55 ,48 
192.168.17.24 ,192.168.9.51 ,235 
192.168.17.24 ,192.168.10.60 ,235 
192.168.17.24 ,192.168.9.51 ,204 
192.168.17.24 ,192.168.10.60 ,204 
99.252.235.248 ,216.58.112.55 ,48 
192.168.17.24 ,192.168.9.51 ,235 
192.168.17.24 ,192.168.10.60 ,235 
192.168.17.24 ,192.168.9.51 ,204 
192.168.17.24 ,192.168.10.60 ,204 
192.168.17.11 ,10.97.14.25 ,76 
192.168.17.24 ,192.168.9.51 ,235 
192.168.17.24 ,192.168.10.60 ,235 
192.168.17.24 ,192.168.9.51 ,204 
192.168.17.24 ,192.168.10.60 ,204 
200.71.237.131 ,216.58.112.55 ,44 
192.168.17.24 ,192.168.9.51 ,235 
192.168.17.24 ,192.168.10.60 ,235 
192.168.17.24 ,192.168.9.51 ,204 
192.168.17.24 ,192.168.10.60 ,204 
82.18.168.66 ,216.58.112.55 ,48 
61.190.136.154 ,216.58.112.55 ,52 
67.216.129.5 ,216.58.112.55 ,48 
156.101.119.76 ,216.58.112.55 ,387 
192.168.17.24 ,192.168.9.51 ,235 
192.168.17.24 ,192.168.10.60 ,235 
192.168.17.24 ,192.168.9.51 ,204 
192.168.17.24 ,192.168.10.60 ,204 
75.92.116.70 ,216.58.112.55 ,48 
200.121.147.196 ,216.58.112.55 ,48 
67.113.111.177 ,216.58.112.55 ,40 
192.168.17.24 ,192.168.9.51 ,235 
192.168.17.24 ,192.168.10.60 ,235 
192.168.17.24 ,192.168.9.51 ,204 
192.168.17.24 ,192.168.10.60 ,204 
24.64.210.238 ,216.58.112.55 ,512 
24.64.210.238 ,216.58.112.55 ,512 
24.64.210.238 ,216.58.112.55 ,512 
192.168.17.24 ,192.168.9.51 ,235 
192.168.17.24 ,192.168.10.60 ,235 
192.168.17.24 ,192.168.9.51 ,204 
192.168.17.24 ,192.168.10.60 ,204 
24.64.214.116 ,216.58.112.55 ,512 
24.64.214.116 ,216.58.112.55 ,512 
24.64.214.116 ,216.58.112.55 ,512 
24.64.221.193 ,216.58.112.55 ,512 
24.64.221.193 ,216.58.112.55 ,512 
192.168.17.24 ,192.168.9.51 ,235 
192.168.17.24 ,192.168.10.60 ,235 
192.168.17.24 ,192.168.9.51 ,204 
192.168.17.24 ,192.168.10.60 ,204 
189.78.251.116 ,216.58.112.55 ,44 
12.168.212.242 ,216.58.112.55 ,64 
42.128.84.194 ,216.58.112.55 ,387 
192.168.17.11 ,10.97.14.25 ,76 
192.168.17.24 ,192.168.9.51 ,235 
192.168.17.24 ,192.168.10.60 ,235 
192.168.17.24 ,192.168.9.51 ,204 
192.168.17.24 ,192.168.10.60 ,204 
66.11.164.174 ,216.58.112.55 ,60 
72.38.55.146 ,192.168.17.24 ,48 
192.168.17.24 ,192.168.9.51 ,235 
192.168.17.24 ,192.168.10.60 ,235 
192.168.17.24 ,192.168.9.51 ,204 
192.168.17.24 ,192.168.10.60 ,204 
221.209.110.50 ,216.58.112.55 ,485 
84.32.113.155 ,216.58.112.55 ,44 
192.168.17.24 ,192.168.9.51 ,235 
192.168.17.24 ,192.168.10.60 ,235 
192.168.17.24 ,192.168.9.51 ,204 
192.168.17.24 ,192.168.10.60 ,204 
91.144.133.147 ,216.58.112.55 ,48 
82.38.230.183 ,216.58.112.55 ,48 
84.29.182.181 ,216.58.112.55 ,48 
66.230.200.240 ,216.58.112.55 ,60 
192.168.17.24 ,192.168.9.51 ,235 
192.168.17.24 ,192.168.10.60 ,235 
192.168.17.24 ,192.168.9.51 ,204 
192.168.17.24 ,192.168.10.60 ,204 
190.26.104.67 ,216.58.112.55 ,48 
89.1.151.53 ,216.58.112.55 ,48 
201.230.149.37 ,216.58.112.55 ,44 
83.46.128.235 ,216.58.112.55 ,48 
24.64.101.157 ,216.58.112.55 ,512 
24.64.101.157 ,216.58.112.55 ,512 
24.64.101.157 ,216.58.112.55 ,512 
66.11.164.174 ,216.58.112.55 ,60 
192.168.17.24 ,192.168.9.51 ,235 
192.168.17.24 ,192.168.10.60 ,235 
192.168.17.24 ,192.168.9.51 ,204 
192.168.17.24 ,192.168.10.60 ,204 
89.165.186.160 ,216.58.112.55 ,44 
192.168.17.11 ,10.97.14.25 ,76 
192.168.17.24 ,192.168.9.51 ,235 
192.168.17.24 ,192.168.10.60 ,235 
192.168.17.24 ,192.168.9.51 ,204 
192.168.17.24 ,192.168.10.60 ,204 
66.94.237.49 ,216.58.112.55 ,60 
66.11.164.174 ,216.58.112.55 ,60 
66.11.164.174 ,216.58.112.55 ,60 
38.100.169.140 ,216.58.112.55 ,44 
192.168.17.24 ,192.168.9.51 ,235 
192.168.17.24 ,192.168.10.60 ,235 
192.168.17.24 ,192.168.9.51 ,204 
192.168.17.24 ,192.168.10.60 ,204 
200.211.146.141 ,216.58.112.55 ,44 
217.127.143.157 ,216.58.112.55 ,48 
86.104.182.57 ,216.58.112.55 ,48 
201.9.182.50 ,216.58.112.55 ,44 
192.168.17.24 ,192.168.9.51 ,235 
192.168.17.24 ,192.168.10.60 ,235 
192.168.17.24 ,192.168.9.51 ,204 
192.168.17.24 ,192.168.10.60 ,204 
56.14.15.106 ,216.58.112.55 ,374 
128.29.163.66 ,216.58.112.55 ,387 
190.49.8.81 ,216.58.112.55 ,44 
194.90.6.44 ,216.58.112.55 ,74 
194.90.6.44 ,216.58.112.55 ,74 
194.90.6.44 ,216.58.112.55 ,74 
200.83.228.206 ,216.58.112.55 ,48 
65.109.80.141 ,216.58.112.55 ,60 
194.90.6.44 ,216.58.112.55 ,74 
192.168.17.24 ,192.168.9.51 ,235 
192.168.17.24 ,192.168.10.60 ,235 
192.168.17.24 ,192.168.9.51 ,204 
192.168.17.24 ,192.168.10.60 ,204 
194.90.6.44 ,216.58.112.55 ,74 
207.45.176.98 ,216.58.112.55 ,44 
124.120.245.234 ,216.58.112.55 ,48 
194.90.6.44 ,216.58.112.55 ,74 
91.122.161.205 ,216.58.112.55 ,48 
201.221.161.111 ,216.58.112.55 ,48 
194.90.6.44 ,216.58.112.55 ,74 
202.97.238.204 ,216.58.112.55 ,485 
202.97.238.204 ,216.58.112.55 ,485 
192.168.17.24 ,192.168.9.51 ,235 
192.168.17.24 ,192.168.10.60 ,235 
192.168.17.24 ,192.168.9.51 ,204 
192.168.17.24 ,192.168.10.60 ,204 
189.41.209.65 ,216.58.112.55 ,48 
24.64.194.53 ,216.58.112.55 ,512 
24.64.194.53 ,216.58.112.55 ,512 
24.64.194.53 ,216.58.112.55 ,512 
194.90.6.44 ,216.58.112.55 ,74 
194.90.6.44 ,216.58.112.55 ,74 
194.90.6.44 ,216.58.112.55 ,74 
192.168.17.24 ,192.168.9.51 ,235 
192.168.17.24 ,192.168.10.60 ,235 
192.168.17.24 ,192.168.9.51 ,204 
192.168.17.24 ,192.168.10.60 ,204 
72.38.55.146 ,192.168.17.24 ,48 
89.49.78.88 ,216.58.112.55 ,51 
89.49.78.88 ,216.58.112.55 ,51 
89.49.78.88 ,216.58.112.55 ,51 
89.49.78.88 ,216.58.112.55 ,51 
89.49.78.88 ,216.58.112.55 ,51 
71.165.154.76 ,216.58.112.55 ,44 
192.168.17.11 ,10.97.14.25 ,76 
192.168.17.24 ,192.168.9.51 ,235 
192.168.17.24 ,192.168.10.60 ,235 
192.168.17.24 ,192.168.9.51 ,204 
192.168.17.24 ,192.168.10.60 ,204 
66.11.164.174 ,216.58.112.55 ,60 
24.64.138.168 ,216.58.112.55 ,512 
24.64.138.168 ,216.58.112.55 ,512 
24.64.138.168 ,216.58.112.55 ,512 
88.245.114.47 ,216.58.112.55 ,48 
194.187.205.215 ,216.58.112.55 ,44 
100.24.18.221 ,216.58.112.55 ,375 
192.168.17.24 ,192.168.9.51 ,235 
192.168.17.24 ,192.168.10.60 ,235 
192.168.17.24 ,192.168.9.51 ,204 
192.168.17.24 ,192.168.10.60 ,204 
81.15.250.134 ,216.58.112.55 ,48 
87.6.209.207 ,216.58.112.55 ,44 
192.168.17.24 ,192.168.9.51 ,235 
192.168.17.24 ,192.168.10.60 ,235 
192.168.17.24 ,192.168.9.51 ,204 
192.168.17.24 ,192.168.10.60 ,204 
190.1.212.107 ,216.58.112.55 ,48 
189.31.152.178 ,216.58.112.55 ,48 
90.154.216.253 ,216.58.112.55 ,48 
66.221.238.191 ,216.58.112.55 ,44 
208.205.46.7 ,216.58.112.55 ,48 
216.58.112.55 ,189.31.152.178 ,40 
192.168.17.24 ,192.168.9.51 ,235 
192.168.17.24 ,192.168.10.60 ,235 
192.168.17.24 ,192.168.9.51 ,204 
192.168.17.24 ,192.168.10.60 ,204 
190.79.148.78 ,216.58.112.55 ,48 
216.58.112.55 ,189.31.152.178 ,49 
85.102.58.70 ,216.58.112.55 ,48 
216.58.112.55 ,189.31.152.178 ,49 
24.64.57.144 ,216.58.112.55 ,512 
24.64.57.144 ,216.58.112.55 ,512 
24.64.57.144 ,216.58.112.55 ,512 
82.213.165.82 ,216.58.112.55 ,48 
83.9.227.205 ,216.58.112.55 ,48 
192.168.17.11 ,10.97.14.21 ,78 
192.168.17.11 ,10.97.14.21 ,78 
192.168.17.11 ,10.97.14.21 ,78 
192.168.17.24 ,192.168.9.51 ,235 
192.168.17.24 ,192.168.10.60 ,235 
192.168.17.24 ,192.168.9.51 ,204 
192.168.17.24 ,192.168.10.60 ,204 
83.186.189.108 ,216.58.112.55 ,48 
185.18.108.111 ,216.58.112.55 ,387 
87.24.131.142 ,216.58.112.55 ,48 
192.168.17.24 ,192.168.9.51 ,235 
192.168.17.24 ,192.168.10.60 ,235 
192.168.17.24 ,192.168.9.51 ,204 
192.168.17.24 ,192.168.10.60 ,204 
192.168.17.11 ,10.97.14.25 ,76 
82.204.148.81 ,216.58.112.55 ,44 
14.102.96.177 ,216.58.112.55 ,386 
90.248.113.55 ,216.58.112.55 ,387 
206.108.5.1 ,216.58.112.55 ,60 
192.168.17.24 ,192.168.9.51 ,235 
192.168.17.24 ,192.168.10.60 ,235 
192.168.17.24 ,192.168.9.51 ,204 
192.168.17.24 ,192.168.10.60 ,204 
192.168.17.24 ,192.168.9.51 ,235 
192.168.17.24 ,192.168.10.60 ,235 
192.168.17.24 ,192.168.9.51 ,204 
192.168.17.24 ,192.168.10.60 ,204 
91.90.200.34 ,216.58.112.55 ,48 
192.168.17.24 ,192.168.9.51 ,235 
192.168.17.24 ,192.168.10.60 ,235 
192.168.17.24 ,192.168.9.51 ,204 
192.168.17.24 ,192.168.10.60 ,204 
88.252.225.76 ,216.58.112.55 ,48 
79.186.237.6 ,216.58.112.55 ,48 
69.61.32.44 ,216.58.112.55 ,60 
89.132.115.151 ,216.58.112.55 ,48 
192.168.17.24 ,192.168.9.51 ,235 
192.168.17.24 ,192.168.10.60 ,235 
192.168.17.24 ,192.168.9.51 ,204 
192.168.17.24 ,192.168.10.60 ,204 
194.3.54.170 ,216.58.112.55 ,48 
89.109.197.165 ,216.58.112.55 ,48 
71.125.192.112 ,216.58.112.55 ,48 
192.168.17.24 ,192.168.9.51 ,235 
192.168.17.24 ,192.168.10.60 ,235 
192.168.17.24 ,192.168.9.51 ,204 
192.168.17.24 ,192.168.10.60 ,204 
147.227.192.74 ,216.58.112.55 ,387 
192.168.17.11 ,10.97.14.25 ,76 
82.16.35.212 ,216.58.112.55 ,48 
24.64.182.127 ,216.58.112.55 ,512 
24.64.182.127 ,216.58.112.55 ,512 
24.64.182.127 ,216.58.112.55 ,512 
71.187.148.64 ,216.58.112.55 ,52 
85.141.189.174 ,216.58.112.55 ,48 
192.168.17.24 ,192.168.9.51 ,235 
192.168.17.24 ,192.168.10.60 ,235 
192.168.17.24 ,192.168.9.51 ,204 
192.168.17.24 ,192.168.10.60 ,204 
41.251.69.208 ,216.58.112.55 ,48 
206.108.5.1 ,216.58.112.55 ,60 
192.168.17.24 ,192.168.9.51 ,235 
192.168.17.24 ,192.168.10.60 ,235 
192.168.17.24 ,192.168.9.51 ,204 
192.168.17.24 ,192.168.10.60 ,204 
200.67.106.244 ,216.58.112.55 ,48 
83.6.235.155 ,216.58.112.55 ,48 
192.168.17.24 ,192.168.9.51 ,235 
192.168.17.24 ,192.168.10.60 ,235 
192.168.17.24 ,192.168.9.51 ,204 
192.168.17.24 ,192.168.10.60 ,204 
66.11.164.174 ,216.58.112.55 ,60 
192.168.17.24 ,192.168.9.51 ,235 
192.168.17.24 ,192.168.10.60 ,235 
192.168.17.24 ,192.168.9.51 ,204 
192.168.17.24 ,192.168.10.60 ,204 
201.240.194.87 ,216.58.112.55 ,48 
200.114.44.99 ,216.58.112.55 ,48 
200.114.44.99 ,216.58.112.55 ,48 
192.168.17.24 ,192.168.9.51 ,235 
192.168.17.24 ,192.168.10.60 ,235 
192.168.17.24 ,192.168.9.51 ,204 
192.168.17.24 ,192.168.10.60 ,204 
184.163.93.130 ,216.58.112.55 ,387 
78.149.74.29 ,216.58.112.55 ,44 
192.168.17.24 ,192.168.9.51 ,235 
192.168.17.24 ,192.168.10.60 ,235 
192.168.17.24 ,192.168.9.51 ,204 
192.168.17.24 ,192.168.10.60 ,204 
192.168.17.11 ,10.97.14.25 ,76 
81.213.160.51 ,216.58.112.55 ,48 
209.200.245.189 ,216.58.112.55 ,44 
192.168.17.24 ,192.168.9.51 ,235 
192.168.17.24 ,192.168.10.60 ,235 
192.168.17.24 ,192.168.9.51 ,204 
192.168.17.24 ,192.168.10.60 ,204 
201.58.129.234 ,216.58.112.55 ,78 
192.168.17.24 ,192.168.9.51 ,235 
192.168.17.24 ,192.168.10.60 ,235 
192.168.17.24 ,192.168.9.51 ,204 
192.168.17.24 ,192.168.10.60 ,204 
217.194.196.3 ,216.58.112.55 ,48 
87.203.158.207 ,216.58.112.55 ,48 
73.230.55.114 ,216.58.112.55 ,387 
66.11.164.174 ,216.58.112.55 ,60 
79.12.103.171 ,216.58.112.55 ,48 
192.168.17.24 ,192.168.9.51 ,235 
192.168.17.24 ,192.168.10.60 ,235 
192.168.17.24 ,192.168.9.51 ,204 
192.168.17.24 ,192.168.10.60 ,204 
201.228.201.247 ,216.58.112.55 ,48 
79.185.83.220 ,216.58.112.55 ,51 
79.185.83.220 ,216.58.112.55 ,51 
79.185.83.220 ,216.58.112.55 ,51 
79.185.83.220 ,216.58.112.55 ,51 
79.185.83.220 ,216.58.112.55 ,51 
192.168.17.24 ,192.168.9.51 ,235 
192.168.17.24 ,192.168.10.60 ,235 
192.168.17.24 ,192.168.9.51 ,204 
192.168.17.24 ,192.168.10.60 ,204 
192.168.17.8 ,142.237.31.2 ,40 
192.168.17.8 ,142.237.31.2 ,40 
192.168.17.8 ,142.237.31.2 ,40 
192.168.17.8 ,142.237.31.2 ,40 
192.168.17.8 ,142.237.31.2 ,40 
142.237.31.2 ,216.58.112.55 ,40 
213.184.7.177 ,216.58.112.55 ,48 
24.64.51.229 ,216.58.112.55 ,512 
24.64.51.229 ,216.58.112.55 ,512 
24.64.51.229 ,216.58.112.55 ,512 
192.168.17.24 ,192.168.9.51 ,235 
192.168.17.24 ,192.168.10.60 ,235 
192.168.17.24 ,192.168.9.51 ,204 
192.168.17.24 ,192.168.10.60 ,204 
88.235.111.202 ,216.58.112.55 ,48 
79.101.145.41 ,216.58.112.55 ,48 
24.64.221.105 ,216.58.112.55 ,512 
24.64.221.105 ,216.58.112.55 ,512 
24.64.221.105 ,216.58.112.55 ,512 
192.168.17.11 ,10.97.14.25 ,76 
192.168.17.24 ,192.168.9.51 ,235 
192.168.17.24 ,192.168.10.60 ,235 
192.168.17.24 ,192.168.9.51 ,204 
192.168.17.24 ,192.168.10.60 ,204 
200.114.26.59 ,216.58.112.55 ,48 
201.83.240.174 ,216.58.112.55 ,48 
189.10.217.170 ,216.58.112.55 ,44 
192.168.17.24 ,192.168.9.51 ,235 
192.168.17.24 ,192.168.10.60 ,235 
192.168.17.24 ,192.168.9.51 ,204 
192.168.17.24 ,192.168.10.60 ,204 
218.64.237.219 ,216.58.112.55 ,404 
24.64.190.155 ,216.58.112.55 ,512 
24.64.190.155 ,216.58.112.55 ,512 
24.64.190.155 ,216.58.112.55 ,512 
151.74.159.125 ,216.58.112.55 ,48 
24.64.97.192 ,216.58.112.55 ,512 
24.64.97.192 ,216.58.112.55 ,512 
24.64.97.192 ,216.58.112.55 ,512 
201.240.55.56 ,216.58.112.55 ,48 
81.208.83.217 ,216.58.112.55 ,48 
81.208.83.217 ,216.58.112.55 ,48 
81.208.83.217 ,216.58.112.55 ,48 
81.208.83.217 ,216.58.112.55 ,48 
192.168.17.24 ,192.168.9.51 ,235 
192.168.17.24 ,192.168.10.60 ,235 
192.168.17.24 ,192.168.9.51 ,204 
192.168.17.24 ,192.168.10.60 ,204 
192.168.17.24 ,192.168.9.51 ,235 
192.168.17.24 ,192.168.10.60 ,235 
192.168.17.24 ,192.168.9.51 ,204 
192.168.17.24 ,192.168.10.60 ,204 
59.177.100.24 ,216.58.112.55 ,374 
192.168.17.24 ,192.168.9.51 ,235 
192.168.17.24 ,192.168.10.60 ,235 
192.168.17.24 ,192.168.9.51 ,204 
192.168.17.24 ,192.168.10.60 ,204 
209.200.255.50 ,216.58.112.55 ,44 
192.168.17.24 ,192.168.9.51 ,235 
192.168.17.24 ,192.168.10.60 ,235 
192.168.17.24 ,192.168.9.51 ,204 
192.168.17.24 ,192.168.10.60 ,204 
201.233.146.241 ,216.58.112.55 ,48 
192.168.17.11 ,10.97.14.25 ,76 
72.38.55.146 ,192.168.17.24 ,48 
192.168.17.24 ,192.168.9.51 ,235 
192.168.17.24 ,192.168.10.60 ,235 
192.168.17.24 ,192.168.9.51 ,204 
192.168.17.24 ,192.168.10.60 ,204 
81.101.158.8 ,216.58.112.55 ,48 
142.217.215.62 ,216.58.112.55 ,48 
24.64.214.175 ,216.58.112.55 ,512 
24.64.214.175 ,216.58.112.55 ,512 
24.64.214.175 ,216.58.112.55 ,512 
201.211.103.168 ,216.58.112.55 ,48 
81.248.11.209 ,216.58.112.55 ,48 
201.211.103.168 ,216.58.112.55 ,48 
201.211.103.168 ,216.58.112.55 ,48 
192.168.17.24 ,192.168.9.51 ,235 
192.168.17.24 ,192.168.10.60 ,235 
192.168.17.24 ,192.168.9.51 ,204 
192.168.17.24 ,192.168.10.60 ,204 
65.54.246.108 ,216.58.112.55 ,48 
198.41.70.2 ,216.58.112.55 ,48 
212.114.49.92 ,216.58.112.55 ,375 
192.168.17.24 ,192.168.9.51 ,235 
192.168.17.24 ,192.168.10.60 ,235 
192.168.17.24 ,192.168.9.51 ,204 
192.168.17.24 ,192.168.10.60 ,204 
220.195.35.40 ,216.58.112.55 ,60 
192.168.17.24 ,192.168.9.51 ,235 
192.168.17.24 ,192.168.10.60 ,235 
192.168.17.24 ,192.168.9.51 ,204 
192.168.17.24 ,192.168.10.60 ,204 
24.64.171.156 ,216.58.112.55 ,512 
24.64.171.156 ,216.58.112.55 ,512 
24.64.171.156 ,216.58.112.55 ,512 
89.136.24.41 ,216.58.112.55 ,48 
89.136.24.41 ,216.58.112.55 ,48 
89.136.24.41 ,216.58.112.55 ,48 
192.168.17.24 ,192.168.9.51 ,235 
192.168.17.24 ,192.168.10.60 ,235 
192.168.17.24 ,192.168.9.51 ,204 
192.168.17.24 ,192.168.10.60 ,204 
83.46.21.161 ,216.58.112.55 ,48 
192.168.17.24 ,192.168.9.51 ,235 
192.168.17.24 ,192.168.10.60 ,235 
192.168.17.24 ,192.168.9.51 ,204 
192.168.17.24 ,192.168.10.60 ,204 
192.168.17.11 ,10.97.14.25 ,76 
89.136.24.41 ,216.58.112.55 ,48 
89.136.24.41 ,216.58.112.55 ,48 
89.136.24.41 ,216.58.112.55 ,48 
66.11.164.174 ,216.58.112.55 ,60 
24.64.3.245 ,216.58.112.55 ,512 
24.64.3.245 ,216.58.112.55 ,512 
24.64.3.245 ,216.58.112.55 ,512 
192.168.17.24 ,192.168.9.51 ,235 
192.168.17.24 ,192.168.10.60 ,235 
192.168.17.24 ,192.168.9.51 ,204 
192.168.17.24 ,192.168.10.60 ,204 
220.195.35.40 ,216.58.112.55 ,60 
220.195.35.40 ,216.58.112.55 ,60 
220.195.35.40 ,216.58.112.55 ,60 
220.195.35.40 ,216.58.112.55 ,60 
220.195.35.40 ,216.58.112.55 ,60 
220.195.35.40 ,216.58.112.55 ,60 
220.195.35.40 ,216.58.112.55 ,60 
220.195.35.40 ,216.58.112.55 ,60 
220.195.35.40 ,216.58.112.55 ,60 
192.168.17.24 ,192.168.9.51 ,235 
192.168.17.24 ,192.168.10.60 ,235 
192.168.17.24 ,192.168.9.51 ,204 
192.168.17.24 ,192.168.10.60 ,204 
220.195.35.40 ,216.58.112.55 ,60 
44.85.108.182 ,216.58.112.55 ,386 
220.195.35.40 ,216.58.112.55 ,60 
220.195.35.40 ,216.58.112.55 ,60 
183.70.138.250 ,216.58.112.55 ,387 
220.195.35.40 ,216.58.112.55 ,60 
220.195.35.40 ,216.58.112.55 ,60 
220.195.35.40 ,216.58.112.55 ,60 
78.170.159.229 ,216.58.112.55 ,387 
220.195.35.40 ,216.58.112.55 ,60 
220.195.35.40 ,216.58.112.55 ,60 
220.195.35.40 ,216.58.112.55 ,60 
192.168.17.24 ,192.168.9.51 ,235 
192.168.17.24 ,192.168.10.60 ,235 
192.168.17.24 ,192.168.9.51 ,204 
192.168.17.24 ,192.168.10.60 ,204 
220.195.35.40 ,216.58.112.55 ,60 
220.195.35.40 ,216.58.112.55 ,60 
220.195.35.40 ,216.58.112.55 ,60 
220.195.35.40 ,216.58.112.55 ,60 
24.64.227.37 ,216.58.112.55 ,512 
24.64.227.37 ,216.58.112.55 ,512 
24.64.227.37 ,216.58.112.55 ,512 
220.195.35.40 ,216.58.112.55 ,60 
220.195.35.40 ,216.58.112.55 ,60 
220.195.35.40 ,216.58.112.55 ,60 
220.195.35.40 ,216.58.112.55 ,60 
220.195.35.40 ,216.58.112.55 ,60 
192.168.17.24 ,192.168.9.51 ,235 
192.168.17.24 ,192.168.10.60 ,235 
192.168.17.24 ,192.168.9.51 ,204 
192.168.17.24 ,192.168.10.60 ,204 
220.195.35.40 ,216.58.112.55 ,60 
220.195.35.40 ,216.58.112.55 ,60 
220.195.35.40 ,216.58.112.55 ,60 
220.195.35.40 ,216.58.112.55 ,60 
220.195.35.40 ,216.58.112.55 ,60 
220.195.35.40 ,216.58.112.55 ,60 
220.195.35.40 ,216.58.112.55 ,60 
220.195.35.40 ,216.58.112.55 ,60 
220.195.35.40 ,216.58.112.55 ,60 
220.195.35.40 ,216.58.112.55 ,60 
192.168.17.24 ,192.168.9.51 ,235 
192.168.17.24 ,192.168.10.60 ,235 
192.168.17.24 ,192.168.9.51 ,204 
192.168.17.24 ,192.168.10.60 ,204 
220.195.35.40 ,216.58.112.55 ,60 
220.195.35.40 ,216.58.112.55 ,60 
220.195.35.40 ,216.58.112.55 ,60 
220.195.35.40 ,216.58.112.55 ,60 
96.240.44.58 ,216.58.112.55 ,44 
220.195.35.40 ,216.58.112.55 ,60 
220.195.35.40 ,216.58.112.55 ,60 
192.168.17.11 ,10.97.14.25 ,76 
220.195.35.40 ,216.58.112.55 ,60 
220.195.35.40 ,216.58.112.55 ,60 
220.195.35.40 ,216.58.112.55 ,60 
192.168.17.24 ,192.168.9.51 ,235 
192.168.17.24 ,192.168.10.60 ,235 
192.168.17.24 ,192.168.9.51 ,204 
192.168.17.24 ,192.168.10.60 ,204 
220.195.35.40 ,216.58.112.55 ,60 
220.195.35.40 ,216.58.112.55 ,60 
220.195.35.40 ,216.58.112.55 ,60 
220.195.35.40 ,216.58.112.55 ,60 
220.195.35.40 ,216.58.112.55 ,60 
220.195.35.40 ,216.58.112.55 ,60 
220.195.35.40 ,216.58.112.55 ,60 
220.195.35.40 ,216.58.112.55 ,60 
220.195.35.40 ,216.58.112.55 ,60 
192.168.17.24 ,192.168.9.51 ,235 
192.168.17.24 ,192.168.10.60 ,235 
192.168.17.24 ,192.168.9.51 ,204 
192.168.17.24 ,192.168.10.60 ,204 
220.195.35.40 ,216.58.112.55 ,60 
220.195.35.40 ,216.58.112.55 ,60 
202.97.238.195 ,216.58.112.55 ,485 
217.88.190.115 ,216.58.112.55 ,52 
220.195.35.40 ,216.58.112.55 ,60 
220.195.35.40 ,216.58.112.55 ,60 
220.195.35.40 ,216.58.112.55 ,60 
220.195.35.40 ,216.58.112.55 ,60 
220.195.35.40 ,216.58.112.55 ,60 
220.195.35.40 ,216.58.112.55 ,60 
202.97.238.195 ,216.58.112.55 ,485 
220.195.35.40 ,216.58.112.55 ,60 
192.168.17.24 ,192.168.9.51 ,235 
192.168.17.24 ,192.168.10.60 ,235 
192.168.17.24 ,192.168.9.51 ,204 
192.168.17.24 ,192.168.10.60 ,204 
220.195.35.40 ,216.58.112.55 ,60 
70.47.93.141 ,216.58.112.55 ,44 
220.195.35.40 ,216.58.112.55 ,60 
220.195.35.40 ,216.58.112.55 ,60 
220.195.35.40 ,216.58.112.55 ,60 
220.195.35.40 ,216.58.112.55 ,60 
220.195.35.40 ,216.58.112.55 ,60 
192.168.17.24 ,192.168.9.51 ,235 
192.168.17.24 ,192.168.10.60 ,235 
192.168.17.24 ,192.168.9.51 ,204 
192.168.17.24 ,192.168.10.60 ,204 
24.64.197.34 ,216.58.112.55 ,512 
24.64.197.34 ,216.58.112.55 ,512 
24.64.197.34 ,216.58.112.55 ,512 
83.153.123.1 ,216.58.112.55 ,44 
88.18.225.72 ,216.58.112.55 ,48 
192.168.17.24 ,192.168.9.51 ,235 
192.168.17.24 ,192.168.10.60 ,235 
192.168.17.24 ,192.168.9.51 ,204 
192.168.17.24 ,192.168.10.60 ,204 
216.215.20.139 ,216.58.112.55 ,48 
83.132.66.239 ,216.58.112.55 ,48 
202.97.238.194 ,216.58.112.55 ,485 
66.11.164.174 ,216.58.112.55 ,60 
192.168.17.24 ,192.168.9.51 ,235 
192.168.17.24 ,192.168.10.60 ,235 
192.168.17.24 ,192.168.9.51 ,204 
192.168.17.24 ,192.168.10.60 ,204 
91.44.239.140 ,216.58.112.55 ,44 
199.125.184.60 ,216.58.112.55 ,48 
192.168.17.11 ,10.97.14.25 ,76 
194.170.173.115 ,216.58.112.55 ,48 
192.168.17.24 ,192.168.9.51 ,235 
192.168.17.24 ,192.168.10.60 ,235 
192.168.17.24 ,192.168.9.51 ,204 
192.168.17.24 ,192.168.10.60 ,204 
222.236.206.129 ,216.58.112.55 ,44 
24.64.87.90 ,216.58.112.55 ,512 
24.64.87.90 ,216.58.112.55 ,512 
24.64.87.90 ,216.58.112.55 ,512 
201.16.26.49 ,216.58.112.55 ,374 
17.69.200.200 ,216.58.112.55 ,387 
192.168.17.24 ,192.168.9.51 ,235 
192.168.17.24 ,192.168.10.60 ,235 
192.168.17.24 ,192.168.9.51 ,204 
192.168.17.24 ,192.168.10.60 ,204 
84.1.209.247 ,216.58.112.55 ,44 
142.190.110.84 ,216.58.112.55 ,375 
95.13.70.16 ,216.58.112.55 ,387 
202.97.238.203 ,216.58.112.55 ,485 
78.176.121.157 ,216.58.112.55 ,48 
192.168.17.24 ,192.168.9.51 ,235 
192.168.17.24 ,192.168.10.60 ,235 
192.168.17.24 ,192.168.9.51 ,204 
192.168.17.24 ,192.168.10.60 ,204 
125.244.236.194 ,216.58.112.55 ,48 
61.143.147.228 ,216.58.112.55 ,40 
192.168.17.24 ,192.168.9.51 ,235 
192.168.17.24 ,192.168.10.60 ,235 
192.168.17.24 ,192.168.9.51 ,204 
192.168.17.24 ,192.168.10.60 ,204 
191.148.180.234 ,216.58.112.55 ,386 
24.64.27.239 ,216.58.112.55 ,512 
24.64.27.239 ,216.58.112.55 ,512 
24.64.27.239 ,216.58.112.55 ,512 
189.33.131.126 ,216.58.112.55 ,44 
152.3.166.238 ,216.58.112.55 ,387 
201.240.65.139 ,216.58.112.55 ,48 
201.240.65.139 ,216.58.112.55 ,48 
201.240.65.139 ,216.58.112.55 ,48 
201.240.65.139 ,216.58.112.55 ,48 
201.240.65.139 ,216.58.112.55 ,48 
140.252.214.104 ,216.58.112.55 ,387 
192.168.17.24 ,192.168.9.51 ,235 
192.168.17.24 ,192.168.10.60 ,235 
192.168.17.24 ,192.168.9.51 ,204 
192.168.17.24 ,192.168.10.60 ,204 
152.213.44.14 ,216.58.112.55 ,387 
206.108.5.1 ,216.58.112.55 ,60 
192.168.17.11 ,10.97.14.25 ,76 
192.168.17.24 ,192.168.9.51 ,235 
192.168.17.24 ,192.168.10.60 ,235 
192.168.17.24 ,192.168.9.51 ,204 
192.168.17.24 ,192.168.10.60 ,204 
66.11.164.174 ,216.58.112.55 ,60 
192.168.17.24 ,192.168.9.51 ,235 
192.168.17.24 ,192.168.10.60 ,235 
192.168.17.24 ,192.168.9.51 ,204 
192.168.17.24 ,192.168.10.60 ,204 
129.41.77.72 ,216.58.112.55 ,60 
190.40.253.236 ,216.58.112.55 ,48 
192.168.17.24 ,192.168.9.51 ,235 
192.168.17.24 ,192.168.10.60 ,235 
192.168.17.24 ,192.168.9.51 ,204 
192.168.17.24 ,192.168.10.60 ,204 
24.64.53.134 ,216.58.112.55 ,512 
24.64.53.134 ,216.58.112.55 ,512 
24.64.53.134 ,216.58.112.55 ,512 
96.237.120.85 ,216.58.112.55 ,48 
71.170.107.10 ,216.58.112.55 ,48 
192.168.17.24 ,192.168.9.51 ,235 
192.168.17.24 ,192.168.10.60 ,235 
192.168.17.24 ,192.168.9.51 ,204 
192.168.17.24 ,192.168.10.60 ,204 
76.2.106.62 ,216.58.112.55 ,52 
192.168.17.24 ,192.168.9.51 ,235 
192.168.17.24 ,192.168.10.60 ,235 
192.168.17.24 ,192.168.9.51 ,204 
192.168.17.24 ,192.168.10.60 ,204 
85.13.47.83 ,216.58.112.55 ,52 
192.168.17.24 ,192.168.9.51 ,235 
192.168.17.24 ,192.168.10.60 ,235 
192.168.17.24 ,192.168.9.51 ,204 
192.168.17.24 ,192.168.10.60 ,204 
192.168.17.11 ,10.97.14.25 ,76 
192.168.17.24 ,192.168.9.51 ,235 
192.168.17.24 ,192.168.10.60 ,235 
192.168.17.24 ,192.168.9.51 ,204 
192.168.17.24 ,192.168.10.60 ,204 
193.227.243.149 ,216.58.112.55 ,48 
192.168.17.24 ,192.168.9.51 ,235 
192.168.17.24 ,192.168.10.60 ,235 
192.168.17.24 ,192.168.9.51 ,204 
192.168.17.24 ,192.168.10.60 ,204 
201.255.162.140 ,216.58.112.55 ,44 
87.18.17.1 ,216.58.112.55 ,48 
192.168.17.24 ,192.168.9.51 ,235 
192.168.17.24 ,192.168.10.60 ,235 
192.168.17.24 ,192.168.9.51 ,204 
192.168.17.24 ,192.168.10.60 ,204 
91.122.181.41 ,216.58.112.55 ,48 
91.122.181.41 ,216.58.112.55 ,48 
91.122.181.41 ,216.58.112.55 ,48 
91.122.181.41 ,216.58.112.55 ,48 
86.164.44.60 ,216.58.112.55 ,52 
209.59.162.147 ,216.58.112.55 ,60 
82.229.96.42 ,216.58.112.55 ,64 
82.229.96.42 ,216.58.112.55 ,64 
200.67.233.86 ,216.58.112.55 ,48 
216.58.112.55 ,193.227.243.149 ,104 
71.199.156.108 ,216.58.112.55 ,44 
24.64.82.137 ,216.58.112.55 ,512 
24.64.82.137 ,216.58.112.55 ,512 
24.64.82.137 ,216.58.112.55 ,512 
192.168.17.24 ,192.168.9.51 ,235 
192.168.17.24 ,192.168.10.60 ,235 
192.168.17.24 ,192.168.9.51 ,204 
192.168.17.24 ,192.168.10.60 ,204 
216.58.112.55 ,193.227.243.149 ,104 
216.215.20.139 ,216.58.112.55 ,48 
190.40.195.55 ,216.58.112.55 ,48 
192.168.17.24 ,192.168.9.51 ,235 
192.168.17.24 ,192.168.10.60 ,235 
192.168.17.24 ,192.168.9.51 ,204 
192.168.17.24 ,192.168.10.60 ,204 
200.121.135.138 ,216.58.112.55 ,48 
192.168.17.24 ,192.168.9.51 ,235 
192.168.17.24 ,192.168.10.60 ,235 
192.168.17.24 ,192.168.9.51 ,204 
192.168.17.24 ,192.168.10.60 ,204 
81.103.99.208 ,216.58.112.55 ,48 
192.168.17.11 ,10.97.14.25 ,76 
181.98.186.228 ,216.58.112.55 ,387 
88.18.60.167 ,216.58.112.55 ,48 
198.237.173.99 ,216.58.112.55 ,52 
192.168.17.24 ,192.168.9.51 ,235 
192.168.17.24 ,192.168.10.60 ,235 
192.168.17.24 ,192.168.9.51 ,204 
192.168.17.24 ,192.168.10.60 ,204 
206.191.34.134 ,216.58.112.55 ,404 
24.64.154.177 ,216.58.112.55 ,512 
24.64.154.177 ,216.58.112.55 ,512 
24.64.154.177 ,216.58.112.55 ,512 
192.168.17.24 ,192.168.9.51 ,235 
192.168.17.24 ,192.168.10.60 ,235 
192.168.17.24 ,192.168.9.51 ,204 
192.168.17.24 ,192.168.10.60 ,204 
192.168.17.24 ,10.97.14.8 ,78 
192.168.17.24 ,192.168.12.52 ,60 
192.168.17.24 ,192.168.12.52 ,60 
192.168.17.24 ,192.168.12.52 ,60 
88.11.12.0 ,216.58.112.55 ,48 
192.168.17.24 ,192.168.12.52 ,60 
192.168.17.24 ,192.168.12.52 ,60 
192.168.17.24 ,192.168.9.51 ,235 
192.168.17.24 ,192.168.10.60 ,235 
192.168.17.24 ,192.168.9.51 ,204 
192.168.17.24 ,192.168.10.60 ,204 
66.11.164.174 ,216.58.112.55 ,60 
87.240.6.187 ,216.58.112.55 ,48 
192.168.17.24 ,192.168.9.51 ,235 
192.168.17.24 ,192.168.10.60 ,235 
192.168.17.24 ,192.168.9.51 ,204 
192.168.17.24 ,192.168.10.60 ,204 
190.49.127.73 ,216.58.112.55 ,44 
192.168.17.24 ,192.168.9.51 ,235 
192.168.17.24 ,192.168.10.60 ,235 
192.168.17.24 ,192.168.9.51 ,204 
192.168.17.24 ,192.168.10.60 ,204 
78.140.214.129 ,216.58.112.55 ,44 
84.94.113.174 ,216.58.112.55 ,44 
84.94.113.174 ,216.58.112.55 ,44 
195.56.159.1 ,216.58.112.55 ,48 
192.168.17.11 ,10.97.14.25 ,76 
203.210.200.93 ,216.58.112.55 ,48 
192.168.17.24 ,192.168.9.51 ,235 
192.168.17.24 ,192.168.10.60 ,235 
192.168.17.24 ,192.168.9.51 ,204 
192.168.17.24 ,192.168.10.60 ,204 
66.11.164.174 ,216.58.112.55 ,60 
88.245.69.228 ,216.58.112.55 ,48 
192.168.17.24 ,192.168.9.51 ,235 
192.168.17.24 ,192.168.10.60 ,235 
192.168.17.24 ,192.168.9.51 ,204 
192.168.17.24 ,192.168.10.60 ,204 
190.24.46.236 ,216.58.112.55 ,48 
192.168.17.24 ,192.168.9.51 ,235 
192.168.17.24 ,192.168.10.60 ,235 
192.168.17.24 ,192.168.9.51 ,204 
192.168.17.24 ,192.168.10.60 ,204 
24.64.247.139 ,216.58.112.55 ,512 
24.64.247.139 ,216.58.112.55 ,512 
24.64.247.139 ,216.58.112.55 ,512 
192.168.17.24 ,192.168.9.51 ,235 
192.168.17.24 ,192.168.10.60 ,235 
192.168.17.24 ,192.168.9.51 ,204 
192.168.17.24 ,192.168.10.60 ,204 
218.10.137.140 ,216.58.112.55 ,485 
218.10.137.140 ,216.58.112.55 ,485 
218.10.137.140 ,216.58.112.55 ,485 
218.10.137.140 ,216.58.112.55 ,485 
66.11.164.174 ,216.58.112.55 ,60 
24.64.186.200 ,216.58.112.55 ,512 
24.64.186.200 ,216.58.112.55 ,512 
24.64.186.200 ,216.58.112.55 ,512 
192.168.17.24 ,192.168.9.51 ,235 
192.168.17.24 ,192.168.10.60 ,235 
192.168.17.24 ,192.168.9.51 ,204 
192.168.17.24 ,192.168.10.60 ,204 
24.64.40.79 ,216.58.112.55 ,512 
72.38.55.146 ,192.168.17.24 ,48 
200.89.242.221 ,216.58.112.55 ,48 
192.168.17.24 ,192.168.9.51 ,235 
192.168.17.24 ,192.168.10.60 ,235 
192.168.17.24 ,192.168.9.51 ,204 
192.168.17.24 ,192.168.10.60 ,204 
192.168.17.11 ,10.97.14.25 ,76 
201.110.75.7 ,216.58.112.55 ,48 
66.163.168.190 ,216.58.112.55 ,60 
86.141.18.31 ,216.58.112.55 ,48 
24.64.126.103 ,216.58.112.55 ,512 
24.64.126.103 ,216.58.112.55 ,512 
24.64.126.103 ,216.58.112.55 ,512 
192.168.17.24 ,192.168.9.51 ,235 
192.168.17.24 ,192.168.10.60 ,235 
192.168.17.24 ,192.168.9.51 ,204 
192.168.17.24 ,192.168.10.60 ,204 
64.124.204.39 ,216.58.112.55 ,60 
83.27.228.6 ,216.58.112.55 ,48 
83.27.228.6 ,216.58.112.55 ,48 
211.213.60.6 ,216.58.112.55 ,64 
211.213.60.6 ,216.58.112.55 ,64 
192.168.17.24 ,192.168.9.51 ,235 
192.168.17.24 ,192.168.10.60 ,235 
192.168.17.24 ,192.168.9.51 ,204 
192.168.17.24 ,192.168.10.60 ,204 
48.234.96.8 ,216.58.112.55 ,374 
192.168.17.24 ,192.168.9.51 ,235 
192.168.17.24 ,192.168.10.60 ,235 
192.168.17.24 ,192.168.9.51 ,204 
192.168.17.24 ,192.168.10.60 ,204 
24.64.55.161 ,216.58.112.55 ,512 
24.64.55.161 ,216.58.112.55 ,512 
24.64.55.161 ,216.58.112.55 ,512 
210.235.119.135 ,216.58.112.55 ,375 
192.168.17.24 ,192.168.9.51 ,235 
192.168.17.24 ,192.168.10.60 ,235 
192.168.17.24 ,192.168.9.51 ,204 
192.168.17.24 ,192.168.10.60 ,204 
86.127.73.61 ,216.58.112.55 ,387 
24.64.193.24 ,216.58.112.55 ,512 
24.64.193.24 ,216.58.112.55 ,512 
24.64.193.24 ,216.58.112.55 ,512 
22.147.86.13 ,216.58.112.55 ,387 
192.168.17.24 ,192.168.9.51 ,235 
192.168.17.24 ,192.168.10.60 ,235 
192.168.17.24 ,192.168.9.51 ,204 
192.168.17.24 ,192.168.10.60 ,204 
86.107.89.250 ,216.58.112.55 ,48 
200.118.113.246 ,216.58.112.55 ,48 
192.168.17.11 ,10.97.14.25 ,76 
192.168.17.24 ,192.168.9.51 ,235 
192.168.17.24 ,192.168.10.60 ,235 
192.168.17.24 ,192.168.9.51 ,204 
192.168.17.24 ,192.168.10.60 ,204 
70.85.185.66 ,216.58.112.55 ,60 
18.7.25.118 ,216.58.112.55 ,386 
201.110.201.161 ,216.58.112.55 ,387 
194.117.241.30 ,216.58.112.55 ,44 
201.240.66.113 ,216.58.112.55 ,48 
192.168.17.24 ,192.168.9.51 ,235 
192.168.17.24 ,192.168.10.60 ,235 
192.168.17.24 ,192.168.9.51 ,204 
192.168.17.24 ,192.168.10.60 ,204 
204.15.20.132 ,216.58.112.55 ,60 
64.213.55.225 ,216.58.112.55 ,48 
64.213.55.225 ,216.58.112.55 ,48 
198.43.162.18 ,216.58.112.55 ,387 
118.125.3.109 ,216.58.112.55 ,64 
62.121.69.77 ,216.58.112.55 ,44 
178.248.112.92 ,216.58.112.55 ,387 
82.116.114.146 ,216.58.112.55 ,48 
192.168.17.24 ,192.168.9.51 ,235 
192.168.17.24 ,192.168.10.60 ,235 
192.168.17.24 ,192.168.9.51 ,204 
192.168.17.24 ,192.168.10.60 ,204 
190.188.224.47 ,216.58.112.55 ,48 
192.168.17.24 ,192.168.9.51 ,235 
192.168.17.24 ,192.168.10.60 ,235 
192.168.17.24 ,192.168.9.51 ,204 
192.168.17.24 ,192.168.10.60 ,204 
80.58.231.110 ,216.58.112.55 ,48 
192.168.17.24 ,192.168.9.51 ,235 
192.168.17.24 ,192.168.10.60 ,235 
192.168.17.24 ,192.168.9.51 ,204 
192.168.17.24 ,192.168.10.60 ,204 
80.143.37.180 ,216.58.112.55 ,48 
80.143.37.180 ,216.58.112.55 ,48 
200.122.253.135 ,216.58.112.55 ,48 
82.13.92.15 ,216.58.112.55 ,48 
192.168.17.24 ,192.168.9.51 ,235 
192.168.17.24 ,192.168.10.60 ,235 
192.168.17.24 ,192.168.9.51 ,204 
192.168.17.24 ,192.168.10.60 ,204 
206.108.5.1 ,216.58.112.55 ,60 
201.254.187.87 ,216.58.112.55 ,44 
192.168.17.11 ,10.97.14.25 ,76 
189.12.221.96 ,216.58.112.55 ,48 
192.168.17.24 ,192.168.9.51 ,235 
192.168.17.24 ,192.168.10.60 ,235 
192.168.17.24 ,192.168.9.51 ,204 
192.168.17.24 ,192.168.10.60 ,204 
190.128.53.246 ,216.58.112.55 ,48 
201.233.50.149 ,216.58.112.55 ,48 
83.15.28.106 ,216.58.112.55 ,44 
192.168.17.24 ,192.168.9.51 ,235 
192.168.17.24 ,192.168.10.60 ,235 
192.168.17.24 ,192.168.9.51 ,204 
192.168.17.24 ,192.168.10.60 ,204 
85.102.90.29 ,216.58.112.55 ,48 
72.38.55.146 ,192.168.17.24 ,48 
170.224.180.54 ,216.58.112.55 ,48 
192.168.17.24 ,192.168.9.51 ,235 
192.168.17.24 ,192.168.10.60 ,235 
192.168.17.24 ,192.168.9.51 ,204 
192.168.17.24 ,192.168.10.60 ,204 
190.136.0.224 ,216.58.112.55 ,44 
24.235.159.168 ,192.168.17.24 ,48 
200.97.116.6 ,216.58.112.55 ,48 
192.168.17.24 ,192.168.9.51 ,235 
192.168.17.24 ,192.168.10.60 ,235 
192.168.17.24 ,192.168.9.51 ,204 
192.168.17.24 ,192.168.10.60 ,204 
